q_power,Q_peak,max_coefficient,sum_coefficients
0.0,0.0,1,1
0.6666666666666666,0.6666666666666666,3,3
1.0,1.0,2,2
1.3333333333333333,1.3333333333333333,12,15
1.6666666666666667,1.6666666666666667,12,18
2.0,2.0,31,53
2.3333333333333335,1.3333333333333333,48,102
2.6666666666666665,1.6666666666666667,114,237
3.0,2.0,246,482
3.3333333333333335,2.3333333333333335,501,1011
3.6666666666666665,2.6666666666666665,984,2076
4.0,3.0,1860,4231
4.333333333333333,3.3333333333333335,3396,8490
4.666666666666667,2.6666666666666665,6570,16920
5.0,3.0,13248,33274
5.333333333333333,3.3333333333333335,25713,64956
5.666666666666667,3.6666666666666665,48300,125544
6.0,4.0,87758,240716
6.333333333333333,4.333333333333333,154494,457650
6.666666666666667,3.6666666666666665,293652,863427
7.0,4.0,558508,1617022
7.333333333333333,4.333333333333333,1028094,3006969
7.666666666666667,4.666666666666667,1836744,5553996
8.0,5.0,3192573,10192290
8.333333333333334,4.333333333333333,5647062,18587916
8.666666666666666,4.666666666666667,10470993,33697878
9.0,5.0,18853182,60740964
9.333333333333334,5.333333333333333,33032577,108883833
9.666666666666666,5.666666666666667,56432058,194148756
10.0,5.0,96321765,344411773
10.333333333333334,5.333333333333333,174059112,607955262
10.666666666666666,5.666666666666667,306239289,1068041478
11.0,6.0,525594474,1867654020
11.333333333333334,6.333333333333333,881472780,3251333622
11.666666666666666,5.666666666666667,1480172826,5635658364
12.0,6.0,2608294523,9727564048
12.333333333333334,6.333333333333333,4486011084,16722255594
12.666666666666666,6.666666666666667,7542533493,28633152177
13.0,7.0,12415220658,48840109080
13.333333333333334,6.333333333333333,20738551434,82997381937
13.666666666666666,6.666666666666667,35677895010,140532689406
14.0,7.0,60033794342,237114585284
14.333333333333334,7.333333333333333,98937316470,398701524402
14.666666666666666,7.666666666666667,159893583300,668167194750
15.0,7.0,267464818146,1116110499948
15.333333333333334,7.333333333333333,449809515075,1858444393710
15.666666666666666,7.666666666666667,741250095588,3084936904836
16.0,8.0,1198349072804,5105401525181
16.333333333333332,7.333333333333333,1905852639870,8424257554878
16.666666666666668,7.666666666666667,3200180736615,13860580431642
17.0,8.0,5268059867266,22740917350140
17.333333333333332,8.333333333333334,8511333421347,37208222197434
17.666666666666668,8.666666666666666,13510061613438,60715665813978
18.0,8.0,21760427793669,98814121791729
18.333333333333332,8.333333333333334,35755690183290,160405121214990
18.666666666666668,8.666666666666666,57688334188287,259729958611314
19.0,9.0,91477490662938,419520553991706
19.333333333333332,9.333333333333334,142696125349077,675979899496473
19.666666666666668,8.666666666666666,232982405028846,1086637895888430
20.0,9.0,375142807058628,1742717062309801
20.333333333333332,9.333333333333334,593919366771378,2788557705435678
20.666666666666668,9.666666666666666,925303523213226,4452072023525403
21.0,9.0,1463515157038486,7092395731465066
21.333333333333332,9.333333333333334,2350654663848213,11274305648995911
21.666666666666668,9.666666666666666,3713748073678296,17884218660474408
22.0,10.0,5775876138451668,28310671025474287
22.333333333333332,9.333333333333334,8892874958469720,44724609500082288
22.666666666666668,9.666666666666666,14242336251544026,70513914768540792
23.0,10.0,22445314201694966,110955838999471794
23.333333333333332,10.333333333333334,34834358823972735,174255820825421739
23.666666666666668,10.666666666666666,53276962902038820,273149565151089228
24.0,10.0,83681352142651424,427369659825472358
24.333333333333332,10.333333333333334,131508664164401268,667436999071133460
24.666666666666668,10.666666666666666,203597355673170210,1040479098697608237
25.0,11.0,310727044780854168,1619144605410669858
25.333333333333332,10.333333333333334,477953066032690575,2515240128994859724
25.666666666666668,10.666666666666666,748822361650091694,3900558634040369082
26.0,11.0,1156156110159539154,6038643369493042213
26.333333333333332,11.333333333333334,1760278874724306354,9333155938021303554
26.666666666666668,10.666666666666666,2659181709413161137,14401418876557432404
27.0,11.0,4152576443046703286,22186072117314794600
27.333333333333332,11.333333333333334,6392641956677485017,34124351875744907613
27.666666666666668,11.666666666666666,9707478841294025058,52404364632774308574
28.0,12.0,14549615917895134888,80352521051370026907
28.333333333333332,11.333333333333334,22467821011484570862,123018448018687131120
28.666666666666668,11.666666666666666,34480318370260495650,188056832106279245526
29.0,12.0,52212953343552167604,287055145544081690156
29.333333333333332,12.333333333333334,78059631866880629214,437530053930257825304
29.666666666666668,11.666666666666666,118794189667660697574,665925346267987056444
30.0,12.0,181714686359962434302,1012108000914842721469
30.333333333333332,12.333333333333334,274354390494769149996,1536102448406722084602
30.666666666666668,12.666666666666666,409067500997684684274,2328164544392137484277
31.0,12.0,614641836097224699336,3523832792443341809252
31.333333333333332,12.333333333333334,937023599819622988890,5326388350727619243783
31.666666666666668,12.666666666666666,1410370391636308921692,8040330119506089849624
32.0,13.0,2096980414462919372662,12121207371559004810387
32.333333333333336,12.333333333333334,3115827949414445186310,18249715369544903707458
32.666666666666664,12.666666666666666,4733634492162445280175,27441738785384892164337
33.0,13.0,7102219320497040631196,41211594703750093699228
33.333333333333336,13.333333333333334,10528987331351104054746,61813918207841522879775
33.666666666666664,12.666666666666666,15492537623551176010476,92601673203694807087032
34.0,13.0,23453330313343823938901,138555448655321996153901
34.333333333333336,13.333333333333334,35073981426224810740350,207065128750362917952366
34.666666666666664,13.666666666666666,51840665347588407939198,309083016454229968860411
35.0,14.0,75763155579993225493750,460823098486719449640820
35.333333333333336,13.333333333333334,114080456027971299134931,686262453690797361740682
35.666666666666664,13.666666666666666,170037513621625366368258,1020819589802812829076078
36.0,14.0,250548661981036879111894,1516757840033671002891342
36.333333333333336,14.333333333333334,365125974440923044444750,2251114677362761065000966
36.666666666666664,13.666666666666666,545259478616872066121052,3337325905263170158856490
37.0,14.0,809967602068353660065116,4942249316542011963287264
37.333333333333336,14.333333333333334,1189739549786829026785437,7311071087770314193152198
37.666666666666664,14.666666666666666,1728774195762273849157524,10803709115770864916675520
38.0,14.0,2562901565121297234328338,15947968542039918817611806
38.333333333333336,14.333333333333334,3794115748698903540851994,23517083742991819341510492
38.666666666666664,14.666666666666666,5555359079315637687964329,34642726839983765815488036
39.0,15.0,8048447852697582028901264,50979549139001297910719258
39.333333333333336,14.333333333333334,11855422955024971642838076,74944531205954139175241022
39.666666666666664,14.666666666666666,17490321546820777940491038,110064831333145093586459586
40.0,15.0,25527110602079768613597768,161482852443295341666689865
40.333333333333336,15.333333333333334,36872092511462946583225548,236688921513310264096667736
40.666666666666664,14.666666666666666,54007079883219557015389284,346583203335096577007132904
41.0,15.0,79400880741878897187735218,507013424919246702583238850
41.333333333333336,15.333333333333334,115510234051492987377575232,740999647639650739018729959
41.666666666666664,15.666666666666666,166340962119186048909642948,1081950252481214766479160042
42.0,15.0,242438076646976152340795460,1578306747081922446998226941
42.333333333333336,15.333333333333334,355193088085574560466986302,2300246469184647886199141484
42.666666666666664,15.666666666666666,515042818637283363740840694,3349346756459296748527019196
43.0,16.0,739425919609295136390549556,4872507368108061480254768274
43.333333333333336,15.333333333333334,1073035849949680798062655728,7081990779122264474987582472
43.666666666666664,15.666666666666666,1566624958463385923286529656,10284244958510547584152550856
44.0,16.0,2264242530171599160450054364,14921323676260001776452179621
44.333333333333336,16.333333333333332,3240707678525518872897433794,21630362229526095662462121702
44.666666666666664,15.666666666666666,4685100980399385653413351203,31328910705048518674210759989
45.0,16.0,6816438012091474713745661714,45337269405394547732730299048
45.333333333333336,16.333333333333332,9819569166555096932611618263,65553733395049487390720377260
45.666666666666664,16.666666666666668,14011045878930348275242363392,94705433315437353564543270414
46.0,16.0,20189540515557645138233795020,136707105540079101996640677277
46.333333333333336,16.333333333333332,29272205823241286520460741896,197173837573664119599071749146
46.666666666666664,16.666666666666668,42030798972422256678488247585,284153314872022914644988312492
47.0,17.0,59786743648154204153084229264,409170748755665138592231884040
47.333333333333336,16.333333333333332,85907935378700862792621239034,588718892965522744825808151765
47.666666666666664,16.666666666666668,124124468762004429751826212416,846381163722099639862859445558
48.0,17.0,177643370969604568212376694433,1215854648709824781224879428926
48.333333333333336,17.333333333333332,251909951263797590383017873096,1745251295167517686217117895516
48.666666666666664,16.666666666666668,361096131064728510049730654958,2503213300349554012913452897827
49.0,17.0,519934094978772693022613587054,3587601701791838032999592617920
49.333333333333336,17.333333333333332,741691245636848386216118163918,5137832150707514671065610589331
49.666666666666664,17.666666666666668,1048528449672102197026258716774,7352376518745059197907704709352
50.0,17.0,1499914493457031358970381412493,10513576306744871821806252320645
