j,index,positive_sum,cancellation_ratio
0,1,1,1.0
1,-2,2,1.0
2,11,53,0.20754716981132076
3,14,482,0.029045643153526972
4,-17,4231,0.004017962656582368
5,-194,33274,0.005830378072969886
6,-112,240716,0.00046527858555309994
7,1130,1617022,0.0006988154768457078
8,4104,10192290,0.00040265730272588397
9,3152,60740964,5.1892492190278704e-05
10,-18319,344411773,5.3189238684938915e-05
11,-76884,1867654020,4.116608278443349e-05
12,-121384,9727564048,1.2478355259450253e-05
13,91904,48840109080,1.881732079047191e-06
14,1026540,237114585284,4.32929926588227e-06
15,2815744,1116110499948,2.5228183052943114e-06
16,3403791,5105401525181,6.667038788647141e-07
17,-4420644,22740917350140,1.9439163037865689e-07
18,-33440475,98814121791729,3.384179750186178e-07
19,-88878842,419520553991706,2.1185813461181965e-07
20,-124747447,1742717062309801,7.158215736676123e-08
21,35207790,7092395731465066,4.964160395591346e-09
22,751976333,28310671025474287,2.656158634754233e-08
23,2387940758,110955838999471794,2.1521542079559848e-08
24,4467470232,427369659825472358,1.0453409897708717e-08
25,3746183998,1619144605410669858,2.313680930956652e-09
26,-8426843619,6038643369493042213,1.395486221553013e-09
27,-46405515308,22186072117314794600,2.091650791659669e-09
28,-119915881179,80352521051370026907,1.4923723563363592e-09
29,-198813575484,287055145544081690156,6.925971492591452e-10
30,-140308837617,1012108000914842721469,1.3863030179602876e-10
31,404682823524,3523832792443341809252,1.1484166456246709e-10
32,2001340988797,12121207371559004810387,1.6511069627378148e-10
33,5082041971496,41211594703750093699228,1.2331582915022588e-10
34,8754759689867,138555448655321996153901,6.318596471543903e-11
35,8262964320304,460823098486719449640820,1.7930881389058954e-11
36,-8681021312272,1516757840033671002891342,5.72340625717767e-12
37,-64023505407484,4942249316542011963287264,1.2954325309569753e-11
38,-182107129174926,15947968542039918817611806,1.1418829219212425e-11
39,-357478941233638,50979549139001297910719258,7.012202878823677e-12
40,-476524598711255,161482852443295341666689865,2.950930030658125e-12
41,-181509459528482,507013424919246702583238850,3.579973440691269e-13
42,1281651685019197,1578306747081922446998226941,8.120422011683085e-13
43,5055259244253534,4872507368108061480254768274,1.037506741876192e-12
44,12076485627656081,14921323676260001776452179621,8.093441231939703e-13
45,21155119599362080,45337269405394547732730299048,4.666165359496683e-13
46,24830785929681103,136707105540079101996640677277,1.8163493281189643e-13
47,2769069982642332,409170748755665138592231884040,6.767516962205606e-15
48,-84915694374200674,1215854648709824781224879428926,6.984033368158517e-14
49,-295800393727725612,3587601701791838032999592617920,8.245073403214946e-14
50,-675176072917907315,10513576306744871821806252320645,6.421944857001279e-14
51,-1164471402046326534,30605195986663492526316041416322,3.804816027166616e-14
52,-1407460657615356189,88513562704852838615917750917141,1.5901073401694526e-14
53,-438220906323784750,254368260347387734053920284642222,1.7227813946807343e-15
54,3661618182272454400,726474006306609844850327739812734,5.04026042292704e-15
55,13798205489151176058,2062263856129912286869094924237034,6.6908050820641244e-15
56,32797225147283772630,5819635247259937680721105470896516,5.635615249723032e-15
57,59801941447150751844,16327988557499904312137982660872348,3.662541851775247e-15
58,82196540320127859902,45552344992600030056400875042255708,1.8044414691160395e-15
59,61576940053551787658,126381506789737200398671627840987678,4.872306211382514e-16
60,-84533069260420577453,348740709107859930803732979398725477,2.42395186603454e-16
61,-494853991869480454774,957233231857410949856752132826659166,5.169628209723435e-16
62,-1342641947500159751632,2613826497299487392239647992117961522,5.1366911648012205e-16
63,-2724812342150596174992,7101102104287735037776865213496696720,3.8371682340763977e-16
64,-4374955393810190949953,19195935527351205390888512840328411345,2.279105067620468e-16
65,-5100904264709380486018,51638104672353283965521933619702151918,9.878178715262515e-17
66,-1909667725753631520180,138245268542898311601863200185086361014,1.3813620862988526e-17
67,10979225710445766056452,368374292360947544211647833135392417692,2.980453831367769e-17
68,42468681357696624266802,977071070406271772816184263891390481952,4.3465294024146985e-17
69,102467283169371823054138,2579872659078796627698144257739625986602,3.9717961585731964e-17
70,193995027800668779857024,6781752237582928221525814424297195508186,2.8605443107401134e-17
71,294592483350035683277116,17749748455083042888233556001711302065208,1.6596994830406877e-17
72,321831619633878966986548,46257601820346597934344478789283838645282,6.957377965329799e-18
73,81806504449913512114938,120045970659305793427175217500257843783786,6.814598107760145e-19
74,-786677885372560345297314,310254114833088247999836566051532118186814,2.5355921090548e-18
75,-2828224186513622501990994,798590168669702320655771755348376228020666,3.541521417956973e-18
76,-6646840371869580309922514,2047372414697497167510822127787748839500476,3.2465223835946146e-18
77,-12458824884964454968199312,5228358520265735077852477416356882052974408,2.382932393919158e-18
78,-19051192519928172082579946,13300188448489510405234116489634655866939648,1.4324001944567785e-18
79,-21847054303238760923459262,33705566522365712565754563557389681509693378,6.481734786668517e-19
80,-9962291633525549594739621,85098826395225066053870172014911132149948181,1.1706732108451895e-19
81,37201653163370535523729240,214066921460876010982459326608231892428994972,1.737851551724665e-19
82,151752551682416832828151914,536543378021260735602173207002839041561792020,2.828337053419073e-19
83,372573906670145595628198880,1340028194354568545051050605669068257535037056,2.7803437885842226e-19
84,724799281816249896123569205,3335037540773551516841002272512482272182916063,2.173286726026283e-19
85,1169039650916344555075515338,8271579438774425061871779128816105223040404138,1.413320949849401e-19
86,1502550945960942462937609179,20445592856205771452535422121010490584766335853,7.349021163281548e-20
87,1199410612660351747215840574,50368212912260466114706524462003429475102914666,2.3812848288853923e-20
88,-797937101046465114406634355,123674568006586835833235525314274953639576864603,6.451909344886229e-21
89,-6258447238747362426969985200,302685902052001409852311736886597048616977778704,2.067637506841056e-20
90,-17606994592057288865479538420,738435034328075306122189911945747996389977142596,2.384366094991475e-20
91,-37212846984341635814911948808,1795810747148972254075435025469991754443219157548,2.0722031563415422e-20
92,-65308780032978181911294242681,4353678811328853674311960083899607178982012296161,1.5000826396066704e-20
93,-95537654388017129056305938858,10522493132439089636105936738503601118799344459102,9.079374363618304e-21
94,-107068337569023614669003755096,25355127571246299355997369147692946755221806531198,4.2227489200426375e-21
95,-52892499403629174814375969930,60913819174249367682971815942648439077351256132874,8.68316912658612e-22
96,153836389923664668119972141041,145910420453904158098283828826774974704777812806745,1.0543207911066535e-21
97,648473767442354505357045080590,348493267753931997673063498615893172108867025378154,1.8607928113556446e-21
98,1602231841498741175992775696149,829959378565250783473836652648700187098123686423573,1.930494290297094e-21
99,3157233568627904808558211010726,1971015367334894478309668908980467853986788081042938,1.6018310262577777e-21
100,5259587146913838685121480196483,4667774945449671734171198835206664350992450807651653,1.1267867899331968e-21
