Q,Qctr,twoJ_ctr,twoJ_cross,Delta_log,slope_difference,delta_observed,delta_linear
0.6666666666666666,2.6666666666666665,2.256902162084835,3.1463558394721303,0.010158329917774545,0.09939164814119983,0.8894536773872952,-0.10220506559407494
1.0,7.0,13.183766184073589,11.418869021838091,-0.27899619169090073,-0.1606622196160129,-1.7648971622354974,-1.7365388848586136
1.3333333333333333,9.333333333333334,21.95745923787933,22.003694316118988,0.006450521295640499,-0.13945783806741552,0.04623507823965767,0.046254275736887895
1.6666666666666667,11.666666666666666,32.45109697729811,34.77430747987855,0.29121423830725135,-0.12480910648005816,2.3232105025804444,2.333277166388345
2.0,14.0,44.50966799187804,49.47393481173342,0.5692693586976532,-0.11403499137977136,4.964266819855382,4.992058593680358
2.333333333333333,18.33333333333333,70.66652385024982,65.89083015135738,-0.5111021720462219,-0.10717693904555514,-4.775693698892439,-4.768770004048911
2.6666666666666665,20.666666666666668,86.61474129080474,83.8599766775379,-0.2758583913841903,-0.10020412170094428,-2.7547646132668433,-2.7529645158457665
3.0,23.0,103.77669529663687,103.25111906481798,-0.049649621458215165,-0.0944825482944015,-0.5255762318188886,-0.5254898640488629
3.333333333333333,25.33333333333333,122.09422078346051,123.95890727088296,0.1672672382051985,-0.08967729536116897,1.8646864874224462,1.8652127891629817
3.6666666666666665,27.666666666666668,141.5167957195399,145.89632344292258,0.37494343215061576,-0.0855662506270698,4.379527723382665,4.381907929853811
4.0,30.0,162.0,168.99037217011113,0.573595641970627,-0.08199579325584688,6.990372170111129,6.995427682257657
4.333333333333333,34.333333333333336,202.72257598385397,193.178715482755,-0.7540461436572059,-0.07903007276130125,-9.543860501098976,-9.541255844907187
4.666666666666667,36.66666666666666,226.0322424799241,218.40751144127503,-0.5810927473324057,-0.07622675358052533,-7.62473103864906,-7.62321258662215
5.0,39.0,250.27079066363396,244.62966488354752,-0.4157647134441902,-0.07371232164040609,-5.6411257800864405,-5.640369265160751
5.333333333333333,41.333333333333336,275.4113790422137,271.80358626511924,-0.2577206953816926,-0.07144002459080823,-3.60779277709446,-3.607511291574388
5.666666666666667,43.66666666666666,301.4293672435353,299.892233749986,-0.10663233589576748,-0.06937304997356292,-1.5371334935492769,-1.5370858847405953
6.0,46.0,328.30203061437027,328.8623667109248,0.03781309258778265,-0.06748197230214992,0.5603360965545221,0.560343619159127
6.333333333333333,48.333333333333336,356.0083240971456,358.6839559588638,0.17591157092633125,-0.06574295533608893,2.675631861718216,2.675747842898787
6.666666666666667,50.66666666666666,384.5286849550718,389.3297114520994,0.30794213653567226,-0.0641364592345417,4.801026497027578,4.8013585441246995
7.0,53.0,413.8448664935831,420.7746956067908,0.4341672332534472,-0.06264629524478205,6.929829113207688,6.930453453903326
7.333333333333333,55.333333333333336,443.9397967831002,452.9960162180504,0.5548333751165728,-0.06125892179158782,9.056219434950208,9.057184796758266
7.666666666666667,57.66666666666666,474.79745774736415,485.9725635859674,0.6701719770223917,-0.05996291296409978,11.175105838603258,11.176441301703079
8.0,60.0,506.4027809909229,519.6848011106312,0.7804002613366947,-0.05874855139013602,13.28202011970825,13.283736243200803
8.333333333333334,64.33333333333333,567.0340791313403,554.1145818152668,-0.7444445231483883,-0.0576212729545148,-12.919497316073489,-12.919612583637981
8.666666666666666,66.66666666666667,600.6998980526387,589.2449890619287,-0.6477347336342518,-0.05654608763922464,-11.45490899071001,-11.454987615888284
9.0,69.0,635.0626454347223,625.0602132045515,-0.5554451223151204,-0.055530703569436846,-10.002432230170825,-10.002486671550619
9.333333333333334,71.33333333333333,670.1107705352636,661.5454328778217,-0.467410159076735,-0.054569726102626503,-8.565337657441887,-8.56537484167871
9.666666666666666,73.66666666666667,705.8332786232947,698.6867221175045,-0.383474278423364,-0.05365841992457934,-7.146556505790272,-7.14658163550779
10.0,76.0,742.2196877501495,736.4709619969033,-0.3034910848598429,-0.052792608766880994,-5.748725753246276,-5.748741953631878
10.333333333333334,78.33333333333333,779.2599900847559,774.8857686588655,-0.22732263371727868,-0.05196859361100653,-4.374221425890482,-4.374231009960092
10.666666666666666,80.66666666666667,816.9446172116674,813.9194275674633,-0.15483877963686155,-0.05118308454538459,-3.0251896442040334,-3.0251943784193847
11.0,83.0,855.264408884451,853.560836668922,-0.08591658563875626,-0.05043314419732908,-1.7035722155289932,-1.7035738502162703
11.333333333333334,85.33333333333333,894.2105848042083,893.7994551873014,-0.020439786528186232,-0.04971614111689862,-0.4111296169069192,-0.41112978740899714
11.666666666666666,87.66666666666667,933.7747190567962,934.6252590306012,0.04170169906439014,-0.049029709265850874,0.8505399738049846,0.8505393910919092
12.0,90.0,973.9487168950486,976.028699854429,0.10061221295279665,-0.048371714938200056,2.079982959380345,2.079980275277387
12.333333333333334,92.33333333333331,1014.7247935965166,1018.0006700965556,0.15639076251983397,-0.04774022816745366,3.275876500038976,3.2758696077295153
12.666666666666666,94.66666666666669,1056.0954551640264,1060.5324698639408,0.20913139060417052,-0.04713349833345867,4.437014699914471,4.4370012411260875
13.0,97.0,1098.05348066756,1103.6157772006957,0.25892351375370026,-0.046549933048662534,5.562296533135623,5.562274675734246
13.333333333333334,99.33333333333331,1140.5919060522297,1147.242623224604,0.30585223194242417,-0.045988080422959376,6.650717172374243,6.65068489768337
13.666666666666666,101.66666666666669,1183.7040092594564,1191.405367468112,0.3499986125754617,-0.04544661340111633,7.70135820865562,7.701313395705399
14.0,104.0,1227.3832965274717,1236.0966756553742,0.3914399512797786,-0.044924316422745414,8.713379127902499,8.71332014484678
14.333333333333334,106.33333333333331,1271.623489753639,1281.309501582153,0.43025001170337873,-0.04442007319342717,9.686011828513983,9.685936577138346
14.666666666666666,108.66666666666669,1316.4185148150912,1327.0370665849237,0.4664992462992359,-0.04393285701490335,10.618551769832493,10.618459121403948
15.0,111.0,1361.762490756137,1373.2728462105576,0.5002549998733343,-0.04346172148911884,11.510355454420733,11.510243559923856
15.333333333333334,113.33333333333331,1407.6497197615568,1420.010551466328,0.5315816975060557,-0.04300579258394424,12.360831704771272,12.360699932885694
15.666666666666666,115.66666666666669,1454.0746778437174,1467.2441188893677,0.5605410182301966,-0.042564261450840635,13.169441045650274,13.169288015900158
16.0,118.0,1501.0320061795612,1514.9676936251838,0.5871920557708563,-0.04213637896438366,13.935687445622534,13.935512974837925
16.333333333333332,120.33333333333331,1548.516503040256,1563.1756216403442,0.6115914674678606,-0.041721449274568195,14.65911860008805,14.658921923900268
16.666666666666668,122.66666666666669,1596.523116262358,1611.8624353741832,0.6337936124442649,-0.04131882572900669,15.339319111825262,15.33910030747385
17.0,125.0,1645.046936214672,1661.0228459118212,0.6538506799139441,-0.040927906003924375,15.975909697149064,15.97566901788842
17.333333333333332,127.33333333333331,1694.0831892196204,1710.651733336537,0.6718128084703494,-0.040548128730319405,16.568544116916655,16.56828143509392
17.666666666666668,129.66666666666666,1743.6272313920172,1760.7441362338104,0.6877281971317188,-0.04017896929378603,17.116904841793257,17.116621188141853
18.0,132.0,1793.6745428618146,1811.295246265304,0.7016432088057627,-0.039819937464706884,17.620703403489415,17.620399565610608
