j,Q_peak,max_coefficient
0,0.0,1
1,1.0,2
2,2.0,31
3,2.0,246
4,3.0,1860
5,3.0,13248
6,4.0,87758
7,4.0,558508
8,5.0,3192573
9,5.0,18853182
10,5.0,96321765
11,6.0,525594474
12,6.0,2608294523
13,7.0,12415220658
14,7.0,60033794342
15,7.0,267464818146
16,8.0,1198349072804
17,8.0,5268059867266
18,8.0,21760427793669
19,9.0,91477490662938
20,9.0,375142807058628
21,9.0,1463515157038486
22,10.0,5775876138451668
23,10.0,22445314201694966
24,10.0,83681352142651424
25,11.0,310727044780854168
26,11.0,1156156110159539154
27,11.0,4152576443046703286
28,12.0,14549615917895134888
29,12.0,52212953343552167604
30,12.0,181714686359962434302
31,12.0,614641836097224699336
32,13.0,2096980414462919372662
33,13.0,7102219320497040631196
34,13.0,23453330313343823938901
35,14.0,75763155579993225493750
36,14.0,250548661981036879111894
37,14.0,809967602068353660065116
38,14.0,2562901565121297234328338
39,15.0,8048447852697582028901264
40,15.0,25527110602079768613597768
41,15.0,79400880741878897187735218
42,15.0,242438076646976152340795460
43,16.0,739425919609295136390549556
44,16.0,2264242530171599160450054364
45,16.0,6816438012091474713745661714
46,16.0,20189540515557645138233795020
47,17.0,59786743648154204153084229264
48,17.0,177643370969604568212376694433
49,17.0,519934094978772693022613587054
50,17.0,1499914493457031358970381412493
51,18.0,4313058745107326486606199646266
52,18.0,12483480562201617002320246951077
53,18.0,35647476995952193759173057495770
54,18.0,100480243505906830928634224129112
55,19.0,280683201338178729293530919944132
56,19.0,793808519679340412342885478512189
57,19.0,2217815293372379547981566977994680
58,19.0,6123855641687358021369723667122891
59,19.0,16717996021813043127875483241261516
60,20.0,46064668219942576714881331321288495
61,20.0,126208791279160113666519973983404824
62,20.0,342096625745781542873602062485525059
63,20.0,917675627565866764069702472721346904
64,21.0,2456965393821243870377828832705262446
65,21.0,6613873401858626162755186204741059440
66,21.0,17629183017260654232118103818610391222
67,21.0,46542631379323250468572651580953685552
68,21.0,121738890907663948639251176976925708894
69,22.0,321035443800041308734456973966600161036
70,22.0,842720754107773361319414854014367941504
71,22.0,2192651582909253562076874107823471842924
72,22.0,5656038576842697732929244490998481581577
73,23.0,14507260593758362858744486239404354215066
74,23.0,37550230127034155028592984329169428696289
75,23.0,96398077964409041955779590708548848115104
76,23.0,245494308478440437783768098774269122733172
77,23.0,620321561296859002829513545236195180906652
78,24.0,1566329989025934662158947750093707025590573
79,24.0,3971384858978178063914195866800430447953666
80,24.0,9994201215783573373181952815700115311563161
81,24.0,24967590375893970768200117694489916660765906
82,24.0,61929819240520514046032269539402816862240717
83,25.0,153884429730972694270830559366274633942185872
84,25.0,382987634657319967434684267999850609382017775
85,25.0,946658755529701742198580700126047601159323506
86,25.0,2324261339607947382906659435358910914486797251
87,25.0,5669192202903687669087300212278577643489929880
88,26.0,13859637100111908100863751812516008093453575389
89,26.0,33917861766280702987326237854383699706428445506
90,26.0,82481587500110198661855112486390924455542474537
91,26.0,199339288942676983204873332653893569793186857022
92,26.0,478839247651160837765320848828068264591570545863
93,27.0,1151645914503606899291157865939998210501519031858
94,27.0,2775383474795798263141712151124733406609043633713
95,27.0,6649386811483063140360079908926337735410847147184
96,27.0,15839556706336999907318480198270969006345480642470
97,27.0,37519240584897857755096868221286438482633498808090
98,28.0,88774295914984271228599719493092700098702572591862
99,28.0,210944377306728922299756198995649261972114165491536
100,28.0,498517883639602510421134799165663534780829757383208
