Q,twoJ_cross,leading_Qctr,leading_twoJctr,leading_delta,gaussian_Qctr,gaussian_twoJctr,gaussian_delta
0.6666666666666666,3.1463558394721303,2.6666666666666665,2.2569021620848475,0.8894536773872828,2.6666666666666665,1.7596697827826158,1.3866860566895145
1.0,11.418869021838091,7.0,13.183766184073821,-1.7648971622357301,7.0,12.543808367556913,-1.124939345718822
1.3333333333333333,22.003694316118988,9.333333333333334,21.957459237879718,0.04623507823927042,9.333333333333334,21.25325569428471,0.7504386218342773
1.6666666666666667,34.77430747987855,11.666666666666666,32.451096977297624,2.3232105025809275,11.666666666666666,31.688750692621937,3.085556787256614
2.0,49.47393481173342,14.0,44.50966799187769,4.96426681985573,16.0,55.141369474401074,-5.667434662667652
2.333333333333333,65.89083015135738,18.333333333333332,70.66652385024955,-4.775693698892169,18.333333333333332,69.7608095854133,-3.869979434055921
2.6666666666666665,83.8599766775379,20.666666666666668,86.61474129080452,-2.754764613266616,20.666666666666668,85.66455888741272,-1.8045822098748232
3.0,103.25111906481798,23.0,103.7766952966367,-0.525576231818718,23.0,102.78427010690352,0.4668489579144648
3.333333333333333,123.95890727088296,25.333333333333332,122.09422078346039,1.8646864874225741,25.333333333333332,121.0614756548067,2.897431616076261
3.6666666666666665,145.89632344292258,27.666666666666668,141.51679571953983,4.3795277233827505,27.666666666666668,140.4454135598915,5.450909883031073
4.0,168.99037217011113,30.0,161.99999999999997,6.990372170111158,30.0,160.89146969076742,8.098902479343707
4.333333333333333,193.178715482755,34.333333333333336,202.72257598385372,-9.54386050109872,34.333333333333336,201.54848180347162,-8.369766320716622
4.666666666666667,218.40751144127503,36.666666666666664,226.03224247992412,-7.624731038649088,36.666666666666664,224.82446144680645,-6.416950005531419
5.0,244.62966488354752,39.0,250.27079066363422,-5.641125780086696,39.0,249.03032401438662,-4.400659130839102
5.333333333333333,271.80358626511924,41.333333333333336,275.411379042214,-3.607792777094744,41.333333333333336,274.1391438295178,-2.3355575643985844
5.666666666666667,299.892233749986,43.666666666666664,301.42936724353535,-1.5371334935493337,43.666666666666664,300.12620749466794,-0.23397374468191856
6.0,328.8623667109248,46.0,328.30203061437027,0.5603360965545221,46.0,326.96872652565185,1.8936401852729432
6.333333333333333,358.6839559588638,48.333333333333336,356.0083240971455,2.6756318617183297,48.333333333333336,354.64559968697444,4.03835627188937
6.666666666666667,389.3297114520994,50.666666666666664,384.5286849550718,4.801026497027578,50.666666666666664,383.13721449225704,6.1924969598423445
7.0,420.7746956067908,53.0,413.8448664935833,6.929829113207461,53.0,412.4252799417105,8.349415665080244
7.333333333333333,452.9960162180504,55.333333333333336,443.93979678310006,9.056219434950322,55.333333333333336,442.49268444630695,10.503331771743433
7.666666666666667,485.9725635859674,57.666666666666664,474.7974577473636,11.175105838603827,57.666666666666664,473.3233742619661,12.649189324001327
8.0,519.6848011106312,60.0,506.4027809909228,13.282020119708363,62.0,532.5545349664425,-12.869733855811319
8.333333333333334,554.1145818152668,64.33333333333333,567.0340791313395,-12.919497316072693,64.33333333333333,565.4857161303364,-11.37113431506964
8.666666666666666,589.2449890619287,66.66666666666667,600.6998980526379,-11.454908990709214,66.66666666666667,599.1264266862281,-9.881437624299451
9.0,625.0602132045515,69.0,635.062645434722,-10.002432230170484,69.0,633.4644888441176,-8.404275639566094
9.333333333333334,661.5454328778217,71.33333333333333,670.1107705352638,-8.565337657442115,71.33333333333333,668.4883311710626,-6.942898293240887
9.666666666666666,698.6867221175045,73.66666666666667,705.833278623295,-7.1465565057905,73.66666666666667,704.1869398780162,-5.5002177605117595
10.0,736.4709619969033,76.0,742.2196877501503,-5.748725753247072,76.0,740.5498154160043,-4.078853419101051
10.333333333333334,774.8857686588655,78.33333333333333,779.2599900847559,-4.374221425890482,78.33333333333333,777.566933659981,-2.6811650011155734
10.666666666666666,813.9194275674633,80.66666666666667,816.9446172116684,-3.0251896442050565,80.66666666666667,815.2287110750696,-1.3092835076062102
11.0,853.560836668922,83.0,855.2644088844501,-1.7035722155280837,83.0,853.5259733547562,0.03486331416581834
11.333333333333334,893.7994551873014,85.33333333333333,894.2105848042091,-0.411129616907715,85.33333333333333,892.4499270983653,1.3495280889361538
11.666666666666666,934.6252590306012,87.66666666666667,933.7747190567954,0.8505399738057804,87.66666666666667,931.992134159267,2.6331248713341893
12.0,976.028699854429,90.0,973.9487168950495,2.0799829593794357,90.0,972.1444883484705,3.884211505958433
12.333333333333334,1018.0006700965556,92.33333333333333,1014.7247935965185,3.275876500037157,92.33333333333333,1012.8991942226158,5.101475873939762
12.666666666666666,1060.5324698639408,94.66666666666667,1056.0954551640268,4.437014699914016,94.66666666666667,1054.248747722523,6.283722141417911
13.0,1103.6157772006957,97.0,1098.0534806675585,5.562296533137214,97.0,1096.185918459747,7.429858740948703
13.333333333333334,1147.242623224604,99.33333333333333,1140.5919060522306,6.650717172373334,99.33333333333333,1138.7037334750605,8.538889749543387
13.666666666666666,1191.405367468112,101.66666666666667,1183.704009259458,7.701358208654028,101.66666666666667,1181.795462315221,9.609905152891088
14.0,1236.0966756553742,104.0,1227.38329652747,8.71337912790409,104.0,1225.4546032935627,10.642072361811415
14.333333333333334,1281.309501582153,106.33333333333333,1271.623489753639,9.686011828513983,106.33333333333333,1269.6748708163332,11.634630765819793
14.666666666666666,1327.0370665849237,108.66666666666667,1316.41851481509,10.61855176983363,108.66666666666667,1314.4501836707782,12.586882914145463
15.0,1373.2728462105576,111.0,1361.762490756139,11.510355454418686,111.0,1359.7746541831252,13.498192027432424
15.333333333333334,1420.010551466328,113.33333333333333,1407.649719761557,12.360831704771044,113.33333333333333,1405.6425781651183,14.367973301209759
15.666666666666666,1467.2441188893677,115.66666666666667,1454.0746778437153,13.16944104565232,115.66666666666667,1452.04842557685,15.195693312517733
16.0,1514.9676936251838,118.0,1501.0320061795603,13.935687445623444,118.0,1498.9868318415852,15.980861783598584
16.333333333333332,1563.1756216403442,120.33333333333333,1548.5165030402552,14.65911860008896,120.33333333333333,1546.4525897551791,16.723031885165028
16.666666666666668,1611.8624353741832,122.66666666666667,1596.5231162623566,15.339319111826626,122.66666666666667,1594.4406419387574,17.421793435425798
17.0,1661.0228459118212,125.0,1645.0469362146719,15.97590969714929,125.0,1642.9460737886293,18.07677212319186
17.333333333333332,1710.651733336537,127.33333333333333,1694.0831892196222,16.568544116914836,127.33333333333333,1691.9641068820981,18.68762645443894
17.666666666666668,1760.7441362338104,129.66666666666666,1743.6272313920194,17.116904841790983,129.66666666666666,1741.490092801946,19.254043431864375
18.0,1811.295246265304,132.0,1793.6745428618162,17.620703403487823,132.0,1791.5195073460245,19.775738919279547
18.33333333333333,1862.300272483408,134.33333333333331,1844.2207223505964,18.07955013281162,134.33333333333331,1842.0479450916064,20.2523273918016
18.666666666666668,1913.754443442764,136.66666666666666,1895.2614820744295,18.49296136833459,136.66666666666666,1893.0711142870496,20.683329155714546
19.0,1965.654410213256,139.0,1946.7926429482804,18.86176726497547,139.0,1944.5848320458363,21.06957816741965
19.33333333333333,2017.9946970311264,141.33333333333331,1998.810130069389,19.184566961737346,141.33333333333331,1996.585019820374,21.409677210752307
19.666666666666668,2070.7725049730643,143.66666666666666,2051.309968459134,19.462536513930445,143.66666666666666,2049.067699134961,21.70480583810331
20.0,2123.9827396414803,146.0,2104.2882790446174,19.694460596862882,146.0,2102.0289875591307,21.953752082349638
20.33333333333333,2177.621234305089,148.33333333333331,2157.7412748629413,19.879959442147538,148.33333333333331,2155.4650949042452,22.156139400843585
20.666666666666668,2231.6848318293623,150.66666666666666,2211.66525747252,20.01957435684244,150.66666666666666,2209.3723196276856,22.312512201676782
21.0,2286.1695236127343,153.0,2266.056613557146,20.112910055588145,153.0,2263.7470454302656,22.422478182468694
21.33333333333333,2341.0712492891244,155.33333333333331,2320.911811709703,20.159437579421137,155.33333333333331,2318.585738033742,22.485511255382335
21.666666666666668,2396.3881742606727,157.66666666666666,2376.227399383476,20.160774877196673,157.66666666666666,2373.884942126355,22.50323213431784
22.0,2452.1145542921945,160.0,2432.0,20.114554292194498,160.0,2429.641278465255,22.473275826939698
22.33333333333333,2508.2489895489507,162.33333333333331,2488.2263102032707,20.02267934567999,162.33333333333331,2485.851441125672,22.39754842327875
22.666666666666668,2564.7865603337937,164.66666666666666,2544.903097250923,19.88346308287055,164.66666666666666,2542.5121948873325,22.27436544646116
23.0,2621.724867013079,167.0,2602.0271965336897,19.697670479389217,167.0,2599.620372749513,22.10449426356581
23.33333333333333,2679.0618190301893,169.33333333333331,2659.595509215207,19.466309814982196,169.33333333333331,2657.1728735666616,21.88894546352776
23.666666666666668,2736.793685372089,171.66666666666666,2717.6049999846955,19.188685387393434,171.66666666666666,2715.166659797171,21.627025574917752
24.0,2794.917375704602,174.0,2776.0526949156942,18.864680788907663,174.0,2773.59875535846,21.31862034614187
24.33333333333333,2853.4363750869825,176.33333333333331,2834.9356794245246,18.50069566245793,176.33333333333331,2832.4662435819414,20.97013150504108
24.666666666666668,2912.3533548260966,178.66666666666666,2894.251096322543,18.102258503553458,178.66666666666666,2891.766265262074,20.58708956402279
25.0,2971.6848024228016,181.0,2953.996143956746,17.688658466055585,181.0,2951.4960167938575,20.18878562894406
25.33333333333333,3031.25823865224,183.33333333333331,3014.168074433631,17.09016421860906,183.33333333333331,3011.6527483938403,19.60549025839964
25.666666666666668,3091.2959571767838,185.66666666666666,3074.764191921591,16.531765255192568,185.66666666666666,3072.2337623997646,19.062194777019158
26.0,3151.706891868608,188.0,3135.7818510274074,15.925040841200826,188.0,3133.2364116444996,18.47048022410854
26.33333333333333,3212.490921389666,190.33333333333331,3197.218455242759,15.272466146906936,190.33333333333331,3194.658097900125,17.832823489540715
26.666666666666668,3273.643935979051,192.66666666666666,3259.071455456917,14.572480522133901,192.66666666666666,3256.4962703882907,17.147665590760425
27.0,3335.164776595166,195.0,3321.338348532006,13.826428063160165,195.0,3318.748424353355,16.416352241811182
27.33333333333333,3397.050227347984,197.33333333333331,3384.0166759375184,13.033551410465861,197.33333333333331,3381.4120996948063,15.63812765317789
27.666666666666668,3459.2977391060363,199.66666666666666,3447.104022440979,12.193716665057309,199.66666666666666,3444.4848796559695,14.812859450066753
28.0,3521.905354493011,202.0,3510.5980148517265,11.30733964128467,202.0,3507.9643895659747,13.940964927036475
28.33333333333333,3584.8717746360667,204.33333333333331,3574.4963208152058,10.375453820860912,204.33333333333331,3571.8482956322414,13.023479003825287
28.666666666666668,3648.193291167105,206.66666666666666,3638.7966476550655,9.396643512039645,206.66666666666666,3636.1343037809634,12.05898738614178
29.0,3711.866931992332,209.0,3703.4967412607425,8.370190731589446,209.0,3700.820158543077,11.046773449254943
29.33333333333333,3775.8909765600433,211.33333333333331,3768.594385018216,7.296591541827183,211.33333333333331,3765.90364198351,9.987334576533158
29.666666666666668,3840.266533506027,213.66666666666666,3834.0873987818004,6.179134724226515,213.66666666666666,3831.3825726715695,8.883960834457412
30.0,3904.989537583465,216.0,3899.9736378849993,5.015899698465546,216.0,3897.2548046904076,7.7347328930572985
30.33333333333333,3970.0547374245466,218.33333333333331,3966.2509921885026,3.803745236044051,218.33333333333331,3963.518226683744,6.536510740802441
30.666666666666668,4035.4643136282775,220.66666666666666,4032.9173851635846,2.5469284646928827,220.66666666666666,4030.170760938018,5.29355269025973
31.0,4101.215330815642,223.0,4099.970773009195,1.2445578064471192,223.0,4097.210362498306,4.004968317336534
31.33333333333333,4167.304776427379,225.33333333333331,4167.409143801192,-0.10436737381314742,225.33333333333331,4164.63501831643,2.669758110948351
31.666666666666668,4233.731617600881,227.66666666666666,4235.230516672216,-1.4988990713354724,227.66666666666666,4232.442746429788,1.2888711710929783
32.0,4300.493506207121,230.0,4303.432941020821,-2.9394348137002453,230.0,4300.63159516941,-0.138088962288748
32.333333333333336,4367.587715810108,232.33333333333334,4372.014495748469,-4.426779938360596,232.33333333333334,4369.19964239604,-1.611926585931542
32.666666666666664,4435.01335784044,234.66666666666666,4440.973288523249,-5.95993068280859,234.66666666666666,4438.144994762883,-3.1316369224423397
33.0,4502.769762838417,237.0,4510.307455069033,-7.537692230615903,237.0,4507.465787003882,-4.696024165465133
33.333333333333336,4570.853323396962,239.33333333333334,4580.015158478967,-9.161835082005382,239.33333333333334,4577.160181246363,-6.30685784940124
33.666666666666664,4639.261703024603,241.66666666666666,4650.094588552295,-10.83288552769227,241.66666666666666,4647.226366347043,-7.964663322440174
34.0,4707.99706831507,244.0,4720.543961153434,-12.546892838364329,244.0,4717.662557250323,-9.665488935253052
34.333333333333336,4777.055382654716,246.33333333333334,4791.361517592379,-14.306134937663046,246.33333333333334,4788.466994367948,-11.41161171323256
34.666666666666664,4846.433853383368,248.66666666666666,4862.5455240255515,-16.111670642183526,248.66666666666666,4859.637942979146,-13.204089595777987
35.0,4916.131688330455,251.0,4934.094270876208,-17.96258254575241,251.0,4931.173692650346,-15.04200431989102
35.333333333333336,4986.155041304032,253.33333333333334,5006.006072273588,-19.851030969555723,253.33333333333334,5003.072556673667,-16.91751536963511
35.666666666666664,5056.483987676132,255.66666666666666,5078.279265510062,-21.795277833930413,255.66666666666666,5075.332871523463,-18.848883847331308
36.0,5127.131302143035,258.0,5150.9122105155175,-23.780908372482372,258.0,5147.952996330058,-20.82169418702324
36.333333333333336,5198.088672994109,260.3333333333333,5223.9032893482945,-25.81461635418509,260.3333333333333,5220.931312370144,-22.84263937603464
36.66666666666666,5269.35891046868,262.66666666666663,5297.250905701998,-27.891995233318085,262.66666666666663,5294.2662225730255,-24.907312104345692
37.0,5340.94060112771,265.0,5370.953484427578,-30.012883299868008,265.0,5367.956151042152,-27.01554991444209
37.333333333333336,5412.832417793944,265.3333333333333,5381.511309871888,31.32110792205549,267.3333333333333,5441.999542591339,-29.167124797395445
37.66666666666666,5485.027490334303,267.66666666666663,5455.617657651304,29.409832682998967,269.66666666666663,5516.394862295076,-31.36737196077229
38.0,5557.532004837766,270.0,5530.075661591687,27.456343246079086,270.0,5527.051405350408,30.48059948735863
38.333333333333336,5630.340185291609,272.3333333333333,5604.883810087194,25.456375204414144,272.3333333333333,5601.847074570103,28.493110721505218
38.66666666666666,5703.45035340892,274.66666666666663,5680.040610859197,23.409742549722978,274.66666666666663,5676.99144903213,26.458904376790088
39.0,5776.862769517185,277.0,5755.544590547888,21.31817896929715,277.0,5752.483054707934,24.37971480925171
39.333333333333336,5850.576737152157,279.3333333333333,5831.3942943158545,19.18244283630247,279.3333333333333,5828.320436105367,22.256301046790213
39.66666666666666,5924.587588875987,281.66666666666663,5907.588285463252,16.99930341273557,281.66666666666663,5904.50215588333,20.085432992657843
40.0,5998.898965682838,284.0,5984.125145053999,14.773820628838621,284.0,5981.026794477695,17.872171205142877
