Q,twoJ_cross,source,m,Qctr,twoJ_ctr,delta,abs_delta,relpct
1,11.418869021838091,direct recurrence Q<=18,3,7.0,13.183766184073587,-1.7648971622354956,1.7648971622354956,-13.386896715200761
2,49.47393481173342,direct recurrence Q<=18,6,14.0,44.50966799187804,4.964266819855382,4.964266819855382,11.153232643211904
3,103.25111906481798,direct recurrence Q<=18,10,23.0,103.77669529663687,-0.5255762318188886,0.5255762318188886,-0.5064491891137731
4,168.99037217011113,direct recurrence Q<=18,13,30.0,162.0,6.990372170111129,6.990372170111129,4.315044549451314
5,244.62966488354752,direct recurrence Q<=18,17,39.0,250.27079066363393,-5.641125780086412,5.641125780086412,-2.2540088538211127
6,328.8623667109248,direct recurrence Q<=18,20,46.0,328.30203061437027,0.5603360965545221,0.5603360965545221,0.17067701211166234
7,420.7746956067908,direct recurrence Q<=18,23,53.0,413.8448664935831,6.929829113207688,6.929829113207688,1.67449923250773
8,519.6848011106312,direct recurrence Q<=18,26,60.0,506.4027809909229,13.28202011970825,13.28202011970825,2.622817373498256
9,625.0602132045515,direct recurrence Q<=18,30,69.0,635.0626454347223,-10.002432230170825,10.002432230170825,-1.5750307945326898
10,736.4709619969033,direct recurrence Q<=18,33,76.0,742.2196877501495,-5.748725753246276,5.748725753246276,-0.7745315636495818
11,853.560836668922,direct recurrence Q<=18,36,83.0,855.264408884451,-1.7035722155289932,1.7035722155289932,-0.1991866138509163
12,976.028699854429,direct recurrence Q<=18,39,90.0,973.9487168950486,2.079982959380345,2.079982959380345,0.21356185631737748
13,1103.6157772006957,direct recurrence Q<=18,42,97.0,1098.05348066756,5.562296533135623,5.562296533135623,0.5065597105301313
14,1236.0966756553742,direct recurrence Q<=18,45,104.0,1227.3832965274717,8.713379127902499,8.713379127902499,0.7099150813404828
15,1373.2728462105576,direct recurrence Q<=18,48,111.0,1361.762490756137,11.510355454420733,11.510355454420733,0.8452542592819878
16,1514.9676936251838,direct recurrence Q<=18,51,118.0,1501.0320061795612,13.935687445622534,13.935687445622534,0.9284070818111173
17,1661.0228459118212,direct recurrence Q<=18,54,125.0,1645.0469362146719,15.97590969714929,15.97590969714929,0.9711522112500078
18,1811.295246265304,direct recurrence Q<=18,57,132.0,1793.6745428618146,17.620703403489415,17.620703403489415,0.9823801911898418
19,1965.6544102132561,FFT C nz256,60,139.0,1946.7926429482814,18.861767264974787,18.861767264974787,0.9688637017042534
20,2123.9827396414803,FFT C nz256,63,146.0,2104.288279044618,19.694460596862427,19.694460596862427,0.9359202725685495
21,2286.1695236127343,FFT C nz256,66,153.0,2266.0566135571466,20.11291005558769,20.11291005558769,0.8875731495523147
22,2452.1145542921945,FFT C nz256,69,160.0,2432.0000000000023,20.114554292192224,20.114554292192224,0.8270787126723769
23,2621.724867013079,FFT C nz256,72,167.0,2602.0271965336838,19.69767047939513,19.69767047939513,0.7570124749516675
24,2794.917375704602,FFT C nz256,75,174.0,2776.05269491569,18.864680788911755,18.864680788911755,0.6795505295509054
25,2971.6848024228016,FFT C nz256,78,181.0,2953.996143956746,17.688658466055585,17.688658466055585,0.5988043857891574
26,3151.7068918686077,FFT A nz256,81,188.0,3135.781851027412,15.925040841195823,15.925040841195823,0.5078491297466411
27,3335.164776595166,FFT A nz256,84,195.0,3321.3383485320064,13.82642806315971,13.82642806315971,0.4162908626659742
28,3521.905354493011,FFT A nz256,87,202.0,3510.5980148517324,11.307339641278759,11.307339641278759,0.32209155230654674
29,3711.8669319923315,FFT A nz256,90,209.0,3703.496741260742,8.370190731589446,8.370190731589446,0.226007779035876
30,3904.989537583465,FFT E nz256,93,216.0,3899.973637884992,5.015899698472822,5.015899698472822,0.1286136821476827
31,4101.215330815642,FFT E nz256,96,223.0,4099.970773009193,1.2445578064489382,1.2445578064489382,0.03035528483866457
32,4300.493506207121,FFT E nz256,99,230.0,4303.432941020821,-2.9394348137002453,2.9394348137002453,-0.0683044177517259
33,4502.769762838417,FFT E nz256,102,237.0,4510.307455069026,-7.537692230609537,7.537692230609537,-0.16712147244281775
34,4707.99706831507,FFT E nz256,105,244.0,4720.543961153425,-12.546892838355234,12.546892838355234,-0.2657933691881032
35,4916.131688330455,FFT E nz256,108,251.0,4934.094270876201,-17.962582545746045,17.962582545746045,-0.3640502503523556
36,5127.131302143035,FFT D nz256,111,258.0,5150.912210515513,-23.780908372477825,23.780908372477825,-0.4616834339348561
37,5340.94060112771,FFT D nz256,114,265.0,5370.953484427579,-30.012883299868918,30.012883299868918,-0.5587999111682422
38,5557.532004837766,FFT D nz256,116,270.0,5530.075661591692,27.45634324607454,27.45634324607454,0.4964912765437992
39,5776.862769517185,FFT D nz256,119,277.0,5755.544590547884,21.318178969301698,21.318178969301698,0.370393776538744
40,5998.898965682838,FFT D nz256,122,284.0,5984.125145053994,14.773820628844078,14.773820628844078,0.24688355057305167
