q_power_j,index,abs_index,max_coefficient,abs_index_over_max,exact_discrete_match,exact_match_Q_values,Q_nearest_discrete,nearest_discrete_coefficient,log_nearest_over_abs_index,Q_cross_low_log_interp,Q_cross_high_log_interp,Qctr_principal,Qctr_mod_2,mod2_residual_low,mod2_residual_high,mod2_residual_nearest_discrete
0,1,1,1,1.0,True,0,0,1,0.0,0.0,,0.0,0.0,0.0,,0.0
1,-2,2,2,1.0,True,1,1,2,0.0,1.0,,0.7831578850415597,0.7831578850415597,0.2168421149584403,,0.2168421149584403
2,11,11,31,0.3548387096774194,False,,1,21,0.6466271649250523,0.7876096569652562,,1.3652300134140969,1.3652300134140969,-0.5776203564488407,,-0.3652300134140969
3,14,14,246,0.056910569105691054,False,,1,80,1.7429693050586228,0.5275071124607182,,1.8577081229973458,1.8577081229973458,0.6697989894633725,,-0.8577081229973458
4,-17,17,1860,0.00913978494623656,False,,0,5,-1.2237754316221159,0.3085269075977013,,2.2957980714095756,0.2957980714095756,0.012728836188125703,,-0.2957980714095756
5,-194,194,13248,0.014643719806763286,False,,1,800,1.416753568604599,0.6923558714691412,,2.69617890008155,0.6961789000815499,-0.0038230286124085744,,0.3038210999184501
6,-112,112,87758,0.0012762369242690125,False,,0,19,-1.774059892128654,0.3716241063704522,,3.068347729353233,1.068347729353233,-0.6967236229827809,,0.9316522706467669
7,1130,1130,558508,0.002023247652674626,False,,1,5978,1.665868431137497,0.6814847329113441,,3.418335007455622,1.4183350074556218,-0.7368502745442775,,-0.4183350074556218
8,4104,4104,3192573,0.0012854835269232685,False,,1,15128,1.3045852234876882,0.7586244720883557,,3.7502595883255596,1.7502595883255596,-0.9916351162372039,,-0.7502595883255596
9,3152,3152,18853182,0.00016718663194361568,False,,1,36898,2.4601201770399417,0.5680689022722913,,4.067086199163203,0.06708619916320302,0.5009827031090883,,0.932913800836797
10,-18319,18319,96321765,0.00019018546846603153,False,,1,87106,1.5591869952201218,0.7347289596195461,,4.371035120542649,0.37103512054264876,0.36369383907689734,,0.6289648794573512
11,-76884,76884,525594474,0.000146280076757428,False,,1,200042,0.9562295520562376,0.8432793223477495,,4.663821551446647,0.663821551446647,0.17945777090110226,,0.336178448553353
12,-121384,121384,2608294523,4.653768925619141e-05,False,,1,448392,1.306708775602706,0.7910271849755806,,4.946804043671717,0.9468040436717171,-0.15577685869613678,,0.05319595632828289
13,91904,91904,12415220658,7.402526506106018e-06,False,,1,983962,2.370842724434681,0.6316678229953993,,5.221081018746136,1.221081018746136,-0.5894131957507369,,-0.22108101874613606
14,1026540,1026540,60033794342,1.709936896795188e-05,False,,1,2118273,0.724407209974606,0.8898386337145202,,5.4875560039704565,1.4875560039704565,-0.5977173702559364,,-0.4875560039704565
15,2815744,2815744,267464818146,1.0527530385185017e-05,False,,1,4482882,0.46503961809487393,0.9308410898469595,,5.7469831704303544,1.7469831704303544,-0.8161420805833952,,-0.7469831704303544
16,3403791,3403791,1198349072804,2.84040024501001e-06,False,,1,9340080,1.0094250070432675,0.8526460796205636,,6.000000000000009,8.881784197001252e-15,0.8526460796205546,,0.9999999999999911
17,-4420644,4420644,5268059867266,8.39140805416513e-07,False,,1,19185162,1.467851780926555,0.7896588398149265,,6.247151273996629,0.24715127399662862,0.5425075658182976,,0.7528487260033714
18,-33440475,33440475,21760427793669,1.5367563228572742e-06,False,,18,30106456,-0.10502735885503611,0.9786930212568066,17.96581632444084,6.488907050132296,0.48890705013229585,0.48978597112451094,-0.5230907256914552,-0.48890705013229585
19,-88878842,88878842,91477490662938,9.715924798099995e-07,False,,1,77904338,-0.1317924783394453,1.0298130990732106,18.78886998540007,6.725676375924106,0.725676375924106,0.3041367231491048,0.06319360947596309,0.27432362407589395
20,-124747447,124747447,375142807058628,3.325332237557849e-07,False,,1,154295343,0.21257730795660734,0.9709020816204327,19.811986922901802,6.95781791526322,0.9578179152632202,0.013084166357212546,0.854169007638582,0.04218208473677976
21,35207790,35207790,1463515157038486,2.4057004008926804e-08,False,,21,101262664,1.056450409770946,0.7096135899551681,,7.185648298824102,1.185648298824102,-0.4760347088689336,,-0.18564829882410194
22,751976333,751976333,5775876138451668,1.3019260021763232e-07,False,,1,586935421,-0.24779005293634881,1.0528151039298845,21.491744431879845,7.409448768479971,1.4094487684799706,-0.3566336645500865,0.08229566339987393,-0.4094487684799706
23,2387940758,2387940758,22445314201694966,1.0638927735837505e-07,False,,1,1128727128,-0.7493408245940856,1.1569569512841813,22.249031180145696,7.629470524200089,1.629470524200089,-0.4725135729159078,0.619560655945607,-0.6294705242000891
24,4467470232,4467470232,83681352142651424,5.338668792521795e-08,False,,23,7719805989,0.5469669279675742,1.1505064294463265,23.166839331002173,7.845939070965839,1.845939070965839,-0.6954326415195125,-0.679099739963668,-0.8459390709658408
25,3746183998,3746183998,310727044780854168,1.2056189060215416e-08,False,,1,4069272450,0.08272650291936401,0.9893356796440987,24.324254531369007,8.059057785711724,0.059057785711724264,0.9302778939323746,0.2651967456572848,0.9409422142882757
26,-8426843619,8426843619,1156156110159539154,7.2886728227705955e-09,False,,1,7635655210,-0.09859352785777631,1.0197085232901681,25.178599411561326,8.269010869203802,0.269010869203802,0.7506976540863661,0.9095885423575254,0.730989130796198
27,-46405515308,46405515308,4152576443046703286,1.1175114039310193e-08,False,,26,21027217920,-0.7916006266144073,1.2331041350097391,25.7071669630786,8.475965808020609,0.47596580802060906,0.7571383269891303,-0.7687988449420118,-0.47596580802061084
28,-119915881179,119915881179,14549615917895134888,8.241858881753079e-09,False,,26,436399209670,1.2917669361367246,1.2950470849032716,26.47411815728453,8.680075442725027,0.6800754427250268,0.6149716421782445,-0.20595728544049763,-0.6800754427250268
29,-198813575484,198813575484,52212953343552167604,3.80774430007514e-09,False,,27,598917255462,1.1027558717466874,1.2715731699229937,27.401834446698004,8.88147971677245,0.88147971677245,0.390093453150544,0.520354729925554,0.11852028322755004
30,-140308837617,140308837617,181714686359962434302,7.721381272345774e-10,False,,1,88267730562,-0.46347138746291705,1.087936868612337,28.635584881906983,9.080307164551133,1.080307164551133,0.007629704061203668,-0.44472228264415037,-0.08030716455113307
31,404682823524,404682823524,614641836097224699336,6.584042929677615e-10,False,,1,160192650898,-0.9267264494527083,1.173802180829521,29.35620360330266,9.276676184712706,1.2766761847127057,-0.10287400388318524,0.07952741858995438,-0.2766761847127057
32,2001340988797,2001340988797,2096980414462919372662,9.543918364681462e-10,False,,30,1445790450375,-0.3251612537954891,1.3588804106472576,29.866553312861246,9.470696135583065,1.470696135583065,-0.11181572493580738,0.3958571772781809,0.529303864416935
33,5082041971496,5082041971496,7102219320497040631196,7.155568903411925e-10,False,,31,1900666638406,-0.9835084567643086,1.4187888248144742,30.599022555512754,9.662468282205563,1.6624682822055625,-0.24367945739108876,0.9365542733071912,-0.6624682822055625
34,8754759689867,8754759689867,23453330313343823938901,3.732842872590235e-10,False,,31,29212586855338,1.2050021560549844,1.4080810694422123,31.488280447337818,9.852086618927915,1.852086618927915,-0.44400554948570203,-0.36380617159009887,-0.8520866189279133
35,8262964320304,8262964320304,75763155579993225493750,1.0906309613225773e-10,False,,33,3199085441878,-0.948918430158102,1.29041742302541,32.61767256537713,10.039638587010925,0.039638587010925264,-0.7492211639855153,0.5780339783662001,0.960361412989073
36,-8681021312272,8681021312272,250548661981036879111894,3.464804498907695e-11,False,,34,4100315685883,-0.7500752171516858,1.1950616619704915,33.69939002236931,10.225205703228182,0.22520570322818223,0.9698559587423095,-0.5258156808588765,-0.225205703228184
37,-64023505407484,64023505407484,809967602068353660065116,7.904452627980671e-11,False,,34,64034524542826,0.00017209596888889678,1.4463355721894282,34.0000686296919,10.408864112626693,0.4088641126266932,-0.9625285404372654,-0.4087954829347922,-0.408864112626695
38,-182107129174926,182107129174926,2562901565121297234328338,7.105506183040129e-11,False,,35,81847761599102,-0.7997341799019893,1.5273384220824795,34.648678827426565,10.59068507637166,0.5906850763716598,0.9366533457108197,0.05799375105490512,0.4093149236283402
39,-357478941233638,357478941233638,8048447852697582028901264,4.4415885867213824e-11,False,,35,1023745380905784,1.0521466684624698,1.5434978079912458,35.459812251658846,10.770735403783243,0.7707354037832435,0.7727624042080024,0.6890768478756044,0.22926459621675832
40,-476524598711255,476524598711255,25527110602079768613597768,1.866739272373549e-11,False,,36,1304621314251681,1.0071487514961817,1.4936543277994938,36.43801087356384,10.949077836197922,0.9490778361979224,0.5445764916015712,-0.5110669626340822,-0.9490778361979224
41,-181509459528482,181509459528482,79400880741878897187735218,2.285987986941149e-12,False,,38,163874192300648,-0.10220875764200343,1.231640280603184,37.955751857890874,11.125771389080473,1.125771389080473,0.10586889152271084,0.8299804688104011,0.874228610919527
42,1281651685019197,1281651685019197,242438076646976152340795460,5.2865115197455625e-12,False,,38,2074794804746168,0.48171263448444535,1.468897214824606,38.207648096510646,11.300871657822444,1.3008716578224444,0.16802555700216182,0.9067764386882011,0.6991283421775556
43,5055259244253534,5055259244253534,739425919609295136390549556,6.8367352430986996e-12,False,,39,2591250163636640,-0.6682886879586789,1.6054198484303692,38.68890982989766,11.4744310918431,1.4744310918430994,0.1309887565872696,-0.7855212619454406,-0.47443109184310117
44,12076485627656081,12076485627656081,2264242530171599160450054364,5.33356540508973e-12,False,,39,27831448738497747,0.8349064055852722,1.6569969856510482,39.38693411430773,11.646499240931195,1.6464992409311954,0.010497744719852875,-0.25956512662346753,-0.6464992409311954
45,21155119599362080,21155119599362080,6816438012091474713745661714,3.1035446316442178e-12,False,,40,34666973063158546,0.49390551115884307,1.657154873926876,40.227944754755065,11.81712297719772,1.8171229771977195,-0.15996810327084354,0.41082177755734506,0.18287702280228046
46,24830785929681103,24830785929681103,20189540515557645138233795020,1.2298836573594634e-12,False,,41,42928975450075231,0.5474627649154087,1.5921115977931255,41.25166756964835,11.986346695536895,1.986346695536895,-0.39423509774376875,-0.7346791258885474,-0.9863466955368949
47,2769069982642332,2769069982642332,59786743648154204153084229264,4.631578530080759e-14,False,,43,5955259420470054,0.7657632478441272,1.1439028170796557,43.3241484527253,12.154212495093175,0.1542124950931747,0.9896903219864814,-0.83006404236788,0.8457875049068235
48,-84915694374200674,84915694374200674,177643370969604568212376694433,4.780121763661537e-13,False,,43,64759032882231426,-0.27098573858626906,1.6141574610815794,42.86772299680316,12.320760343895156,0.32076034389515584,-0.7066028828135771,0.5469626529080038,0.6792396561048442
49,-295800393727725612,295800393727725612,519934094978772693022613587054,5.689190160529907e-13,False,,43,617095217707278888,0.7353384543369756,1.7280586911586004,43.357577851187216,12.486028228532746,0.48602822853274574,-0.7579695373741444,0.8715496226544701,0.5139717714672543
50,-675176072917907315,675176072917907315,1499914493457031358970381412493,4.5014304206218363e-13,False,,44,754152850384021678,0.11062156118070021,1.7733554343854339,44.05359874429677,12.650052290510487,0.6500522905104873,-0.8766968561250543,-0.5964535462137164,-0.6500522905104873
51,-1164471402046326534,1164471402046326534,4313058745107326486606199646266,2.6998737343127695e-13,False,,45,917142361824802616,-0.2387598233210113,1.7740209855025795,44.877789085623206,12.81286695070322,0.8128669507032207,0.9611540347993586,0.064922134919982,0.18713304929677577
52,-1407460657615356189,1407460657615356189,12483480562201617002320246951077,1.1274585245696357e-13,False,,46,1110160150969583179,-0.23728284361072838,1.7189089748902926,45.87898904036623,12.97450502316299,0.9745050231629904,0.7444039517273016,0.904484017203238,-0.9745050231629904
53,-438220906323784750,438220906323784750,35647476995952193759173057495770,1.2293181544756874e-14,False,,48,166437248383766362,-0.9681047837740522,1.4512810324487133,47.53549946151506,13.134997819373474,1.1349978193734742,0.31628321307523954,0.40050164214158457,0.8650021806265258
54,3661618182272454400,3661618182272454400,100480243505906830928634224129112,3.6441175444177767e-14,False,,48,1605346225241933392,-0.8245657260280623,1.702580552536118,47.5823267695505,13.294375243917287,1.2943752439172869,0.40820530861883064,0.28795152563321125,0.7056247560827131
55,13798205489151176058,13798205489151176058,280683201338178729293530919944132,4.915935625419395e-14,False,,48,13901335540769317854,0.007446370901213584,1.8275442220883318,48.00376000383836,13.452665882407915,1.4526658824079153,0.37487833968041606,0.5510941214304452,0.5473341175920865
56,32797225147283772630,32797225147283772630,793808519679340412342885478512189,4.131629270057751e-14,False,,49,16647887592093805177,-0.678060575611326,1.8802454583015824,48.64085271019984,13.60989708243983,1.6098970824398293,0.27034837586175264,-0.969044372239992,-0.6098970824398293
57,59801941447150751844,59801941447150751844,2217815293372379547981566977994680,2.6964347132901558e-14,False,,2,120473483855682987696,0.7003915516247545,1.892011068274545,49.41793103050437,13.766095028224495,1.7660950282244947,0.12591604005005053,-0.3481639977201212,0.2339049717755053
58,82196540320127859902,82196540320127859902,6123855641687358021369723667122891,1.3422351069248841e-14,False,,50,157727284208359160817,0.6517542797598779,1.8607823510551145,50.34307499389488,13.921284809506552,1.9212848095065524,-0.0605024584514382,0.42179018438832827,0.07871519049344755
59,61576940053551787658,61576940053551787658,16717996021813043127875483241261516,3.683272802147363e-15,False,,52,27938312492635701094,-0.7902884962117511,1.7376960756877957,51.58520550901649,14.075490485288121,0.07549048528812108,-0.3377944096003258,-0.4902849762716315,-0.07549048528812108
60,-84533069260420577453,84533069260420577453,46064668219942576714881331321288495,1.8350955846855322e-15,False,,53,32962801950755869702,-0.9417630979292184,1.708257407623545,52.50706820545305,14.228735142833674,0.22873514283367413,-0.5204777352101289,0.2783330626193816,0.7712648571663294
61,-494853991869480454774,494853991869480454774,126208791279160113666519973983404824,3.920915388333902e-15,False,,53,263224839208124284002,-0.6312541842481707,1.898759904149544,52.65531072191837,14.381040952376585,0.3810409523765852,-0.48228104822704054,0.2742697695417817,0.618959047623413
62,-1342641947500159751632,1342641947500159751632,342096625745781542873602062485525059,3.9247447839427164e-15,False,,2,1615179850899917008059,0.18480703774321228,1.9721937811866446,53.20189212036215,14.532429217905737,0.5324292179057366,-0.5602354367190916,0.6694629024564165,-0.5324292179057366
63,-2724812342150596174992,2724812342150596174992,917675627565866764069702472721346904,2.9692543424937162e-15,False,,2,2690772787966050085088,-0.012571126350046313,2.002366613813045,53.90285843140922,14.682920424370968,0.6829204243709679,-0.6805538105579227,-0.7800619929617483,-0.6829204243709679
64,-4374955393810190949953,4374955393810190949953,2456965393821243870377828832705262446,1.780633705632278e-15,False,,2,4470230664542057137979,0.02154368604285395,1.9967878347994836,54.727351425533016,14.832534281612684,0.8325342816126842,-0.8357464468132001,-0.10518285607966504,-0.8325342816126842
65,-5100904264709380486018,5100904264709380486018,6613873401858626162755186204741059440,7.712431059348562e-16,False,,2,7406379807924131341672,0.3729239341710837,1.9446416027496287,55.73101167352543,14.9812897652895,0.9812897652894996,0.9633518374601291,0.7497219082359265,-0.9812897652894996
66,-1909667725753631520180,1909667725753631520180,17629183017260654232118103818610391222,1.0832423282938775e-16,False,,57,3695146782867920887024,0.660091016987856,1.7254303720886779,57.35584545379708,15.129205155052833,1.1292051550528335,0.596225217035844,0.2266402987442433,-0.12920515505282992
67,10979225710445766056452,10979225710445766056452,46542631379323250468572651580953685552,2.358961104060681e-16,False,,2,20171028906069782833192,0.6082424469485446,1.910479946277531,57.47578168084922,15.276298070191043,1.276298070191043,0.6341818760864886,0.1994836106581772,0.7237019298089571
68,42468681357696624266802,42468681357696624266802,121738890907663948639251176976925708894,3.488505689599892e-16,False,,2,33160574800387800934367,-0.2474052307825616,2.0453636863368123,57.79775518497643,15.42258550294709,1.42258550294709,0.6227781833897232,0.37516968202933754,0.57741449705291
69,102467283169371823054138,102467283169371823054138,321035443800041308734456973966600161036,3.1917747759089847e-16,False,,2,54379502078734611902542,-0.6335562762037767,2.1155914472886477,58.37636963226373,15.568083849692112,1.568083849692112,0.5475075975965353,0.8082857825716161,0.4319161503078881
70,193995027800668779857024,193995027800668779857024,842720754107773361319414854014367941504,2.3020084275254393e-16,False,,59,228812637871050766320708,0.165070964589205,2.1415552786440366,59.09521700681494,15.712808940122692,1.7128089401226916,0.4287463385213446,-0.6175919333077502,-0.7128089401226916
71,294592483350035683277116,294592483350035683277116,2192651582909253562076874107823471842924,1.3435444356333373e-16,False,,60,265727280830153320983118,-0.10312246613126064,2.127862459518821,59.93859211312651,15.856776064633078,1.8567760646330775,0.27108639488574404,0.08181604849343671,0.1432239353669189
72,321831619633878966986548,321831619633878966986548,5656038576842697732929244490998481581577,5.690053475793851e-17,False,,61,307750297770593494339397,-0.04473975574506994,2.0555007063724817,60.97342131029514,15.999999999999979,1.9999999999999787,0.05550070637250215,0.9734213102951585,-0.9999999999999787
73,81806504449913512114938,81806504449913512114938,14507260593758362858744486239404354215066,5.639004271082725e-18,False,,63,62077011410819231173762,-0.27598102316785855,1.7777969894824046,62.84185206958982,16.14249503350673,0.1424950335067301,-0.36469804402432615,0.6993570360830859,0.8575049664932664
74,-786677885372560345297314,786677885372560345297314,37550230127034155028592984329169428696289,2.0950015025505646e-17,False,,2,622341532076214356369916,-0.2343298413313164,2.04175933760866,62.61395217286486,16.284274985620307,0.28427498562030706,-0.24251564801164704,0.3296771872445561,-0.28427498562030706
75,-2828224186513622501990994,2828224186513622501990994,96398077964409041955779590708548848115104,2.933901013625838e-17,False,,63,2562261666836952604172078,-0.0987586866902106,2.183309203138083,62.93985310909055,16.425353231327733,0.4253532313277333,-0.24204402818964965,0.514499877762816,0.5746467686722667
76,-6646840371869580309922514,6646840371869580309922514,245494308478440437783768098774269122733172,2.7075333897010947e-17,False,,64,2947950655456020730370827,-0.8130313738321391,2.248919187013918,63.50592632304726,16.56574272022666,0.565742720226659,-0.3168235332127409,0.9401836028206034,-0.565742720226659
77,-12458824884964454968199312,12458824884964454968199312,620321561296859002829513545236195180906652,2.0084462095623018e-17,False,,64,17601107274551572853756606,0.3455326154782341,2.274565021246596,64.20953423008076,16.70545599545875,0.7054559954587489,-0.4308909742121525,-0.49592176537798593,-0.7054559954587489
78,-19051192519928172082579946,19051192519928172082579946,1566329989025934662158947750093707025590573,1.2162949476422704e-17,False,,65,20222391358549564623556110,0.0596607745051827,2.2647180515929737,65.03610517421656,16.844505211566606,0.8445052115666059,-0.5797871599736322,0.19159996264995272,0.15549478843339415
79,-21847054303238760923459262,21847054303238760923459262,3971384858978178063914195866800430447953666,5.501117388270429e-18,False,,66,23179009532791137717114518,0.05918100965466522,2.205136668357648,66.03574447353147,16.98290215134837,0.9829021513483696,-0.7777654829907217,-0.9471576778169037,-0.9829021513483696
80,-9962291633525549594739621,9962291633525549594739621,9994201215783573373181952815700115311563161,9.968071903327672e-19,False,,2,10784570539395820618134857,0.07930933005309271,1.9888830953742271,67.58994198944454,17.120658241777697,1.1206582417776971,0.86822485359653,0.469283747666843,0.8793417582223029
81,37201653163370535523729240,37201653163370535523729240,24967590375893970768200117694489916660765906,1.4899977371980784e-18,False,,68,30245845010616691053170280,-0.20699438014538174,2.1332070702683645,67.8717920621653,17.257784569052838,1.2577845690528378,0.8754225012155263,0.6140074931124602,0.7422154309471622
82,151752551682416832828151914,151752551682416832828151914,61929819240520514046032269539402816862240717,2.45039552098556e-18,False,,68,173598964317048866575496700,0.13449659145395998,2.2945853593879106,68.08314647303872,17.394291892831593,1.3942918928315926,0.9002934665563185,0.6888545802071349,0.605708107168411
83,372573906670145595628198880,372573906670145595628198880,153884429730972694270830559366274633942185872,2.421128033040738e-18,False,,69,197836611920727914708874924,-0.6329939275913148,2.367896132088778,68.5986351643959,17.530190659706406,1.530190659706406,0.8377054723823711,-0.931555495310505,-0.5301906597064061
84,724799281816249896123569205,724799281816249896123569205,382987634657319967434684267999850609382017775,1.8924874231638513e-18,False,,69,1092389455445876091024695622,0.4102279730469789,2.40118784623592,69.25962281172254,17.66549101596772,1.6654910159677208,0.7356968302681999,-0.40586820424518066,-0.6654910159677172
85,1169039650916344555075515338,1169039650916344555075515338,946658755529701742198580700126047601159323506,1.2349113596506165e-18,False,,70,1243353457432759449702853730,0.06162952988227488,2.402636012840585,70.03893246110229,17.80020281970266,1.8002028197026583,0.6024331931379265,0.2387296413996296,0.19979718029733817
86,1502550945960942462937609179,1502550945960942462937609179,2324261339607947382906659435358910914486797251,6.464638551422063e-19,False,,71,1412260804636268244474615845,-0.061972466465824994,2.365867195515102,70.95990892469143,17.934335652269326,1.9343356522693256,0.4315315432457769,-0.9744267275778924,-0.9343356522693256
87,1199410612660351747215840574,1199410612660351747215840574,5669192202903687669087300212278577643489929880,2.115664048303088e-19,False,,72,1600908610355413330820739540,0.2887410695132928,2.2491529552122147,72.18176904212454,18.067898829187154,0.06789882918715406,0.18125412602505975,0.11387021293738542,-0.06789882918715762
88,-797937101046465114406634355,797937101046465114406634355,13859637100111908100863751812516008093453575389,5.757272685300124e-20,False,,2,433224783747686139079209130,-0.6107730492419208,2.1028959853100573,73.51518936029944,18.200901410478835,0.20090141047883492,-0.09800542516877897,-0.6857120501793901,-0.20090141047883492
89,-6258447238747362426969985200,6258447238747362426969985200,33917861766280702987326237854383699706428445506,1.8451774117934436e-19,False,,73,9675298254115376735267832848,0.43564395632419917,2.3721496209700486,73.2803368420849,18.333352210496933,0.3333522104969333,0.03879741047311569,0.9469846315879735,0.6666477895030667
90,-17606994592057288865479538420,17606994592057288865479538420,82481587500110198661855112486390924455542474537,2.1346575794305324e-19,False,,74,10934103741580227510668576447,-0.47640955468851587,2.468292712838556,73.68650563358567,18.46525980726738,0.4652598072673797,0.003032905571176414,-0.7787541736817118,-0.4652598072673797
91,-37212846984341635814911948808,37212846984341635814911948808,199339288942676983204873332653893569793186857022,1.866809457469408e-19,False,,74,56521214689762397515542099840,0.4179619982104015,2.5163877924948386,74.27456600590095,18.596632551377564,0.5966325513775637,-0.0802447588827242,-0.3220665454766163,-0.5966325513775672
92,-65308780032978181911294242681,65308780032978181911294242681,478839247651160837765320848828068264591570545863,1.3638978081545287e-19,False,,75,63803150865600595210995707568,-0.02332390836475895,2.533566010302826,74.98435064671524,18.727478574436567,0.7274785744365673,-0.1939125641337398,0.25687207227867503,0.27252142556343273
93,-95537654388017129056305938858,95537654388017129056305938858,1151645914503606899291157865939998210501519031858,8.295748995835812e-20,False,,76,71892870355593657903500875030,-0.28434335731330407,2.5207705223038945,75.80954082872486,18.857805797132684,0.8578057971326842,-0.33703527482878926,0.9517350315921789,-0.8578057971326842
94,-107068337569023614669003755096,107068337569023614669003755096,2775383474795798263141712151124733406609043633713,3.857785367007753e-20,False,,77,80865960852733324814863126459,-0.2806743197849073,2.464374540277385,76.8123069626137,18.987621936910866,0.9876219369108661,-0.5232473966334794,-0.1753149742971658,0.012378063089130364
95,-52892499403629174814375969930,52892499403629174814375969930,6649386811483063140360079908926337735410847147184,7.954492783046886e-21,False,,78,90803811344061291749886079830,0.5404397192809967,2.2738908050883095,78.35279467190892,19.116934515292552,1.1169345152925523,-0.8430437102042418,-0.7641398433836315,0.8830654847074442
96,153836389923664668119972141041,153836389923664668119972141041,15839556706336999907318480198270969006345480642470,9.71216510510794e-21,False,,79,101793962720542424494811180610,-0.41293883751174576,2.3755666847404244,78.72472342074605,19.245750864857612,1.2457508648576123,-0.8701841801171888,-0.5210274441115672,-0.24575086485761233
97,648473767442354505357045080590,648473767442354505357045080590,37519240584897857755096868221286438482633498808090,1.7283765804774214e-20,False,,79,511795023279276931362956742752,-0.23669735208625298,2.5375035711937795,78.83903066573558,19.374078135907702,1.374078135907702,-0.8365745647139207,-0.535047470172124,-0.3740781359077019
98,1602231841498741175992775696149,1602231841498741175992775696149,88774295914984271228599719493092700098702572591862,1.804837565857055e-20,False,,79,2499618451490615015399666589272,0.4447405426109725,2.6116522414018446,79.30198730043338,19.50192330282828,1.5019233028282812,-0.8902710614264358,-0.1999360023948995,-0.5019233028282812
99,3157233568627904808558211010726,3157233568627904808558211010726,210944377306728922299756198995649261972114165491536,1.4967137825328477e-20,False,,80,2801092507072822411014486868450,-0.11968666902247094,2.6488583321318084,79.91717182473397,19.629293170166456,1.6292931701664557,-0.9804348380346468,0.28787865456751405,0.3707068298335443
100,5259587146913838685121480196483,5259587146913838685121480196483,498517883639602510421134799165663534780829757383208,1.0550448277831882e-20,False,,81,3133903898271756410239741083226,-0.5177730552656641,2.658902467347504,80.64222732855683,19.756194378439346,1.7561943784393463,0.902708088908156,0.8860329501174817,-0.7561943784393463
