Q,twoJ_cross,leading_m,leading_Qctr,leading_twoJctr,leading_delta,leading_abs_delta,gaussian_m,gaussian_Qctr,gaussian_twoJctr,gaussian_delta,gaussian_abs_delta,gaussian_phase_shift_in_Q_units
0.6666666666666666,3.1463558394721303,1,2.6666666666666665,2.2569021620848475,0.8894536773872828,0.8894536773872828,1,2.6666666666666665,1.7596697827826158,1.3866860566895145,1.3866860566895145,0.19177946733241338
1.0,11.418869021838091,3,7.0,13.183766184073821,-1.7648971622357301,1.7648971622357301,3,7.0,12.543808367556913,-1.124939345718822,1.124939345718822,0.14675147484524395
1.3333333333333333,22.003694316118988,4,9.333333333333334,21.957459237879718,0.04623507823927042,0.04623507823927042,4,9.333333333333334,21.25325569428471,0.7504386218342773,0.7504386218342773,0.13708585069653187
1.6666666666666667,34.77430747987855,5,11.666666666666666,32.45109697729864,2.3232105025799115,2.3232105025799115,5,11.666666666666666,31.688750692621937,3.085556787256614,3.085556787256614,0.13060310114315238
2.0,49.47393481173342,6,14.0,44.509667991878715,4.964266819854707,4.964266819854707,7,16.0,55.141369474401074,-5.667434662667652,5.667434662667652,0.1258968066290534
2.333333333333333,65.89083015135738,8,18.333333333333332,70.66652385025058,-4.775693698893207,4.775693698893207,8,18.333333333333332,69.7608095854133,-3.869979434055921,3.869979434055921,0.11980218533718416
2.6666666666666665,83.8599766775379,9,20.666666666666668,86.61474129080557,-2.7547646132676675,2.7547646132676675,9,20.666666666666668,85.66455888741272,-1.8045822098748232,1.8045822098748232,0.11739288380851534
3.0,103.25111906481798,10,23.0,103.77669529663775,-0.5255762318197696,0.5255762318197696,10,23.0,102.78427010690457,0.4668489579134132,0.4668489579134132,0.11538247545625265
3.333333333333333,123.95890727088296,11,25.333333333333332,122.09422078346144,1.8646864874215225,1.8646864874215225,11,25.333333333333332,121.06147565480775,2.8974316160752096,2.8974316160752096,0.11367369149467065
3.6666666666666665,145.89632344292258,12,27.666666666666668,141.5167957195409,4.3795277233816705,4.3795277233816705,12,27.666666666666668,140.4454135598926,5.450909883029993,5.450909883029993,0.11219923474475672
4.0,168.99037217011113,13,30.0,162.00000000000105,6.990372170110078,6.990372170110078,13,30.0,160.8914696907685,8.098902479342627,8.098902479342627,0.11091092666991995
4.333333333333333,193.178715482755,15,34.333333333333336,202.72257598385494,-9.543860501099942,9.543860501099942,15,34.333333333333336,201.54848180347273,-8.36976632071773,8.36976632071773,0.10889761199364102
4.666666666666667,218.40751144127503,16,36.666666666666664,226.03224247992532,-7.624731038650282,7.624731038650282,16,36.666666666666664,224.8244614468076,-6.416950005532556,6.416950005532556,0.10797348459202959
5.0,244.62966488354752,17,39.0,250.27079066363535,-5.641125780087833,5.641125780087833,17,39.0,249.03032401438776,-4.400659130840239,4.400659130840239,0.10713858459268105
5.333333333333333,271.80358626511924,18,41.333333333333336,275.4113790422151,-3.607792777095881,3.607792777095881,18,41.333333333333336,274.13914382951896,-2.3355575643997213,2.3355575643997213,0.10637964606032
5.666666666666667,299.892233749986,19,43.666666666666664,301.4293672435365,-1.5371334935504706,1.5371334935504706,19,43.666666666666664,300.1262074946691,-0.23397374468305543,0.23397374468305543,0.10568598650206286
6.0,328.8623667109248,20,46.0,328.3020306143717,0.560336096553101,0.560336096553101,20,46.0,326.96872652565304,1.8936401852717495,1.8936401852717495,0.10504889741539396
6.333333333333333,358.6839559588638,21,48.333333333333336,356.00832409714684,2.6756318617169654,2.6756318617169654,21,48.333333333333336,354.64559968697563,4.038356271888176,4.038356271888176,0.10446120119945551
6.666666666666667,389.3297114520994,22,50.666666666666664,384.52868495507335,4.801026497026044,4.801026497026044,22,50.666666666666664,383.1372144922583,6.192496959841094,6.192496959841094,0.10391692343104272
7.0,420.7746956067908,23,53.0,413.8448664935833,6.929829113207461,6.929829113207461,23,53.0,412.425279941712,8.349415665078766,8.349415665078766,0.10341104669962897
7.333333333333333,452.9960162180504,24,55.333333333333336,443.93979678310006,9.056219434950322,9.056219434950322,24,55.333333333333336,442.49268444630695,10.503331771743433,10.503331771743433,0.10293932311162624
7.666666666666667,485.9725635859674,25,57.666666666666664,474.7974577473636,11.175105838603827,11.175105838603827,25,57.666666666666664,473.3233742619661,12.649189324001327,12.649189324001327,0.10249812966591523
8.0,519.6848011106312,26,60.0,506.4027809909228,13.282020119708363,13.282020119708363,27,62.0,532.5545349664425,-12.869733855811319,12.869733855811319,0.10208435540666569
8.333333333333334,554.1145818152668,28,64.33333333333333,567.0340791313395,-12.919497316072693,12.919497316072693,28,64.33333333333333,565.4857161303364,-11.37113431506964,11.37113431506964,0.10137975233806532
8.666666666666666,589.2449890619287,29,66.66666666666667,600.6998980526379,-11.454908990709214,11.454908990709214,29,66.66666666666667,599.1264266862281,-9.881437624299451,9.881437624299451,0.10103066734408003
9.0,625.0602132045515,30,69.0,635.062645434722,-10.002432230170484,10.002432230170484,30,69.0,633.4644888441176,-8.404275639566094,8.404275639566094,0.10070038850906765
9.333333333333334,661.5454328778217,31,71.33333333333333,670.1107705352638,-8.565337657442115,8.565337657442115,31,71.33333333333333,668.4883311710626,-6.942898293240887,6.942898293240887,0.1003873080139812
9.666666666666666,698.6867221175045,32,73.66666666666667,705.833278623295,-7.1465565057905,7.1465565057905,32,73.66666666666667,704.1869398780162,-5.5002177605117595,5.5002177605117595,0.1000900027379593
10.0,736.4709619969033,33,76.0,742.2196877501503,-5.748725753247072,5.748725753247072,33,76.0,740.5498154160043,-4.078853419101051,4.078853419101051,0.0998072079707687
10.333333333333334,774.8857686588655,34,78.33333333333333,779.2599900847559,-4.374221425890482,4.374221425890482,34,78.33333333333333,777.566933659981,-2.6811650011155734,2.6811650011155734,0.09953779554334885
10.666666666666666,813.9194275674633,35,80.66666666666667,816.9446172116684,-3.0251896442050565,3.0251896442050565,35,80.66666666666667,815.2287110750696,-1.3092835076062102,1.3092835076062102,0.09928075552698988
11.0,853.560836668922,36,83.0,855.2644088844501,-1.7035722155280837,1.7035722155280837,36,83.0,853.5259733547562,0.03486331416581834,0.03486331416581834,0.09903518083437468
11.333333333333334,893.7994551873014,37,85.33333333333333,894.2105848042091,-0.411129616907715,0.411129616907715,37,85.33333333333333,892.4499270983653,1.3495280889361538,1.3495280889361538,0.09880025419518483
11.666666666666666,934.6252590306012,38,87.66666666666667,933.7747190567954,0.8505399738057804,0.8505399738057804,38,87.66666666666667,931.992134159267,2.6331248713341893,2.6331248713341893,0.09857523708633686
12.0,976.028699854429,39,90.0,973.9487168950495,2.0799829593794357,2.0799829593794357,39,90.0,972.1444883484705,3.884211505958433,3.884211505958433,0.09835946028015999
12.333333333333334,1018.0006700965556,40,92.33333333333333,1014.7247935965185,3.275876500037157,3.275876500037157,40,92.33333333333333,1012.8991942226158,5.101475873939762,5.101475873939762,0.09815231573892787
12.666666666666666,1060.5324698639408,41,94.66666666666667,1056.0954551640268,4.437014699914016,4.437014699914016,41,94.66666666666667,1054.248747722523,6.283722141417911,6.283722141417911,0.09795324963531475
13.0,1103.6157772006957,42,97.0,1098.0534806675585,5.562296533137214,5.562296533137214,42,97.0,1096.185918459747,7.429858740948703,7.429858740948703,0.09776175631891557
13.333333333333334,1147.242623224604,43,99.33333333333333,1140.5919060522306,6.650717172373334,6.650717172373334,43,99.33333333333333,1138.7037334750605,8.538889749543387,8.538889749543387,0.09757737308124927
13.666666666666666,1191.405367468112,44,101.66666666666667,1183.704009259458,7.701358208654028,7.701358208654028,44,101.66666666666667,1181.795462315221,9.609905152891088,9.609905152891088,0.09739967559758234
14.0,1236.0966756553742,45,104.0,1227.38329652747,8.71337912790409,8.71337912790409,45,104.0,1225.4546032935627,10.642072361811415,10.642072361811415,0.09722827394474372
14.333333333333334,1281.309501582153,46,106.33333333333333,1271.623489753639,9.686011828513983,9.686011828513983,46,106.33333333333333,1269.6748708163332,11.634630765819793,11.634630765819793,0.09706280911104855
14.666666666666666,1327.0370665849237,47,108.66666666666667,1316.41851481509,10.61855176983363,10.61855176983363,47,108.66666666666667,1314.4501836707782,12.586882914145463,12.586882914145463,0.09690294992818246
15.0,1373.2728462105576,48,111.0,1361.762490756139,11.510355454418686,11.510355454418686,48,111.0,1359.7746541831252,13.498192027432424,13.498192027432424,0.09674839036618814
15.333333333333334,1420.010551466328,49,113.33333333333333,1407.649719761557,12.360831704771044,12.360831704771044,49,113.33333333333333,1405.6425781651183,14.367973301209759,14.367973301209759,0.09659884714194461
15.666666666666666,1467.2441188893677,50,115.66666666666667,1454.0746778437153,13.16944104565232,13.16944104565232,50,115.66666666666667,1452.04842557685,15.195693312517733,15.195693312517733,0.09645405759918062
16.0,1514.9676936251838,51,118.0,1501.0320061795603,13.935687445623444,13.935687445623444,51,118.0,1498.9868318415852,15.980861783598584,15.980861783598584,0.09631377782439485
16.333333333333332,1563.1756216403442,52,120.33333333333333,1548.5165030402552,14.65911860008896,14.65911860008896,52,120.33333333333333,1546.4525897551791,16.723031885165028,16.723031885165028,0.09617778096835024
16.666666666666668,1611.8624353741832,53,122.66666666666667,1596.5231162623566,15.339319111826626,15.339319111826626,53,122.66666666666667,1594.4406419387574,17.421793435425798,17.421793435425798,0.09604585574719098
17.0,1661.0228459118212,54,125.0,1645.0469362146719,15.97590969714929,15.97590969714929,54,125.0,1642.9460737886293,18.07677212319186,18.07677212319186,0.09591780510095727
17.333333333333332,1710.651733336537,55,127.33333333333333,1694.0831892196222,16.568544116914836,16.568544116914836,55,127.33333333333333,1691.9641068820981,18.68762645443894,18.68762645443894,0.09579344499036521
17.666666666666668,1760.7441362338104,56,129.66666666666666,1743.6272313920194,17.116904841790983,17.116904841790983,56,129.66666666666666,1741.4900928019479,19.254043431862556,19.254043431862556,0.0956726033153519
18.0,1811.295246265304,57,132.0,1793.6745428618162,17.620703403487823,17.620703403487823,57,132.0,1791.5195073460245,19.775738919279547,19.775738919279547,0.09555511894111987
18.33333333333333,1862.300272483408,58,134.33333333333331,1844.2207223505964,18.07955013281162,18.07955013281162,58,134.33333333333331,1842.0479450916064,20.2523273918016,20.2523273918016,0.095440840819304
18.666666666666668,1913.754443442764,59,136.66666666666666,1895.2614820744295,18.49296136833459,18.49296136833459,59,136.66666666666666,1893.0711142870496,20.683329155714546,20.683329155714546,0.09532962719348369
19.0,1965.654410213256,60,139.0,1946.7926429482804,18.86176726497547,18.86176726497547,60,139.0,1944.5848320458344,21.06957816742147,21.06957816742147,0.09522134487967165
19.33333333333333,2017.9946970311264,61,141.33333333333331,1998.810130069389,19.184566961737346,19.184566961737346,61,141.33333333333331,1996.5850198203723,21.409677210754126,21.409677210754126,0.09511586861356462
19.666666666666668,2070.7725049730643,62,143.66666666666666,2051.309968459134,19.462536513930445,19.462536513930445,62,143.66666666666666,2049.067699134961,21.70480583810331,21.70480583810331,0.09501308045737253
20.0,2123.9827396414803,63,146.0,2104.2882790446174,19.694460596862882,19.694460596862882,63,146.0,2102.028987559064,21.953752082416486,21.953752082416486,0.09491286925992146
20.33333333333333,2177.621234305089,64,148.33333333333331,2157.7412748629413,19.879959442147538,19.879959442147538,64,148.33333333333331,2155.4650949040465,22.15613940104231,22.15613940104231,0.09481513016447245
20.666666666666668,2231.6848318293623,65,150.66666666666666,2211.66525747252,20.01957435684244,20.01957435684244,65,150.66666666666666,2209.3723196273545,22.312512202007838,22.312512202007838,0.09471976415936227
21.0,2286.1695236127343,66,153.0,2266.056613557146,20.112910055588145,20.112910055588145,66,153.0,2263.7470454297973,22.422478182937084,22.422478182937084,0.09462667766714468
21.33333333333333,2341.0712492891244,67,155.33333333333331,2320.911811709677,20.159437579447513,20.159437579447513,67,155.33333333333331,2318.5857380331363,22.485511255988058,22.485511255988058,0.09453578216839187
21.666666666666668,2396.3881742606727,68,157.66666666666666,2376.2273993833082,20.160774877364474,20.160774877364474,68,157.66666666666666,2373.88494212561,22.503232135062717,22.503232135062717,0.09444699385676818
22.0,2452.1145542921945,69,160.0,2431.99999999969,20.114554292504636,20.114554292504636,69,160.0,2429.64127846437,22.473275827824637,22.473275827824637,0.09436023332235034
22.33333333333333,2508.2489895489507,70,162.33333333333331,2488.226310202816,20.022679346134737,20.022679346134737,70,162.33333333333331,2485.8514411246406,22.397548424310116,22.397548424310116,0.09427542526050636
22.666666666666668,2564.7865603337937,71,164.66666666666666,2544.903097250319,19.883463083474453,19.883463083474453,71,164.66666666666666,2542.5121948861533,22.27436544764032,22.27436544764032,0.0941924982039386
23.0,2621.724867013079,72,167.0,2602.027196532936,19.697670480142733,19.697670480142733,72,167.0,2599.620372748187,22.104494264891855,22.104494264891855,0.09411138427574235
23.33333333333333,2679.0618190301893,73,169.33333333333331,2659.595509214302,19.466309815887143,19.466309815887143,73,169.33333333333331,2657.1728735651827,21.8889454650066,21.8889454650066,0.09403201896156793
23.666666666666668,2736.793685372089,74,171.66666666666666,2717.6049999836346,19.18868538845436,19.18868538845436,74,171.66666666666666,2715.166659795541,21.62702557654802,21.62702557654802,0.09395434089916094
24.0,2794.917375704602,75,174.0,2776.0526949144783,18.864680790123657,18.864680790123657,75,174.0,2773.598755356672,21.318620347929937,21.318620347929937,0.09387829168374912
24.33333333333333,2853.4363750869825,76,176.33333333333331,2834.9356794231503,18.500695663832175,18.500695663832175,76,176.33333333333331,2832.4662435799987,20.970131506983762,20.970131506983762,0.09380381568787681
24.666666666666668,2912.3533548260966,77,178.66666666666666,2894.251096321009,18.102258505087775,18.102258505087775,77,178.66666666666666,2891.766265259969,20.587089566127815,20.587089566127815,0.09373085989443966
25.0,2971.6848024228016,78,181.0,2953.996143955047,17.68865846775452,17.68865846775452,78,181.0,2951.4960167915906,20.188785631210976,20.188785631210976,0.0936593737418043
25.33333333333333,3031.25823865224,79,183.33333333333331,3014.168074431769,17.090164220470797,17.090164220470797,79,183.33333333333331,3011.6527483914083,19.60549026083163,19.60549026083163,0.09358930897997988
25.666666666666668,3091.2959571767838,80,185.66666666666666,3074.7641919195617,16.531765257222105,16.531765257222105,80,185.66666666666666,3072.2337623971675,19.06219477961622,19.06219477961622,0.09352061953693415
26.0,3151.706891868608,81,188.0,3135.7818510252087,15.925040843399529,15.925040843399529,81,188.0,3133.236411641737,18.470480226871132,18.470480226871132,0.09345326139421278
26.33333333333333,3212.490921389666,82,190.33333333333331,3197.2184552403914,15.27246614927435,15.27246614927435,82,190.33333333333331,3194.658097897188,17.832823492477928,17.832823492477928,0.09338719247111693
26.666666666666668,3273.643935979051,83,192.66666666666666,3259.071455454377,14.57248052467412,14.57248052467412,83,192.66666666666666,3256.496270385185,17.147665593865895,17.147665593865895,0.0933223725167416
27.0,3335.164776595166,84,195.0,3321.3383485292884,13.826428065877735,13.826428065877735,84,195.0,3318.748424350074,16.416352245092185,16.416352245092185,0.09325876300926177
27.33333333333333,3397.050227347984,85,197.33333333333331,3384.016675934626,13.033551413358055,13.033551413358055,85,197.33333333333331,3381.4120996913484,15.638127656635788,15.638127656635788,0.09319632706189887
27.666666666666668,3459.2977391060363,86,199.66666666666666,3447.1040224379076,12.193716668128673,12.193716668128673,86,199.66666666666666,3444.4848796523347,14.812859453701549,14.812859453701549,0.09313502933504168
28.0,3521.905354493011,87,202.0,3510.598014848476,11.307339644535205,11.307339644535205,87,202.0,3507.964389562159,13.94096493085226,13.94096493085226,0.09307483595406732
28.33333333333333,3584.8717746360667,88,204.33333333333331,3574.496320811772,10.37545382429471,10.37545382429471,88,204.33333333333331,3571.8482956282446,13.023479007822061,13.023479007822061,0.09301571443241556
28.666666666666668,3648.193291167105,89,206.66666666666666,3638.7966476514457,9.396643515659434,9.396643515659434,89,206.66666666666666,3636.1343037767833,12.058987390321818,12.058987390321818,0.09295763359953695
29.0,3711.866931992332,90,209.0,3703.496741256938,8.370190735393862,8.370190735393862,90,209.0,3700.8201585387087,11.046773453623246,11.046773453623246,0.09290056353334745
29.33333333333333,3775.8909765600433,91,211.33333333333331,3768.5943850142216,7.296591545821684,7.296591545821684,91,211.33333333333331,3765.9036419789554,9.987334581087907,9.987334581087907,0.09284447549686349
29.666666666666668,3840.266533506027,92,213.66666666666666,3834.0873987776176,6.179134728409281,6.179134728409281,92,213.66666666666666,3831.382572666823,8.883960839204065,8.883960839204065,0.09278934187871644
30.0,3904.989537583465,93,216.0,3899.9736378806247,5.0158997028402155,5.0158997028402155,93,216.0,3897.254804685471,7.734732897994036,7.734732897994036,0.09273513613726488
30.33333333333333,3970.0547374245466,94,218.33333333333331,3966.250992183934,3.803745240612443,3.803745240612443,94,218.33333333333331,3963.5182266786137,6.536510745932901,6.536510745932901,0.09268183274805848
30.666666666666668,4035.4643136282775,95,220.66666666666666,4032.9173851588207,2.546928469456816,2.546928469456816,95,220.66666666666666,4030.170760932692,5.293552695585731,5.293552695585731,0.09262940715441034
31.0,4101.215330815642,96,223.0,4099.970773004234,1.2445578114084128,1.2445578114084128,96,223.0,4097.210362492782,4.004968322859895,4.004968322859895,0.09257783572087018
31.33333333333333,4167.304776427379,97,225.33333333333331,4167.40914379603,-0.1043673686508555,0.1043673686508555,97,225.33333333333331,4164.635018310709,2.669758116669982,2.669758116669982,0.09252709568939375
31.666666666666668,4233.731617600881,98,227.66666666666666,4235.230516666854,-1.4988990659730916,1.4988990659730916,98,227.66666666666666,4232.442746423865,1.2888711770156078,1.2888711770156078,0.09247716513803153
32.0,4300.493506207121,99,230.0,4303.432941015254,-2.939434808133228,2.939434808133228,99,230.0,4300.631595163283,-0.1380889561623917,0.1380889561623917,0.09242802294196378
32.333333333333336,4367.587715810108,100,232.33333333333334,4372.0144957426955,-4.426779932587124,4.426779932587124,100,232.33333333333334,4369.199642389709,-1.6119265796005493,1.6119265796005493,0.09237964873672588
32.666666666666664,4435.01335784044,101,234.66666666666666,4440.973288517272,-5.959930676831391,5.959930676831391,101,234.66666666666666,4438.144994756346,-3.1316369159058013,3.1316369159058013,0.09233202288348694
33.0,4502.769762838417,102,237.0,4510.307455062846,-7.53769222442952,7.53769222442952,102,237.0,4507.465786997136,-4.6960241587194105,4.6960241587194105,0.09228512643623557
33.333333333333336,4570.853323396962,103,239.33333333333334,4580.015158472572,-9.161835075609815,9.161835075609815,103,239.33333333333334,4577.160181239409,-6.3068578424472435,6.3068578424472435,0.09223894111076371
33.666666666666664,4639.261703024603,104,241.66666666666666,4650.094588545689,-10.8328855210857,10.8328855210857,104,241.66666666666666,4647.226366339879,-7.964663315276084,7.964663315276084,0.09219344925532336
34.0,4707.99706831507,105,244.0,4720.543961146613,-12.546892831543119,12.546892831543119,105,244.0,4717.662557242945,-9.66548892787523,9.66548892787523,0.0921486338228567
34.333333333333336,4777.055382654716,106,246.33333333333334,4791.361517585342,-14.306134930626285,14.306134930626285,106,246.33333333333334,4788.466994360353,-11.41161170563737,11.41161170563737,0.09210447834469813
34.666666666666664,4846.433853383368,107,248.66666666666666,4862.545524018298,-16.111670634930306,16.111670634930306,107,248.66666666666666,4859.637942971335,-13.204089587967246,13.204089587967246,0.09206096690565714
35.0,4916.131688330455,108,251.0,4934.094270868737,-17.962582538281822,17.962582538281822,108,251.0,4931.1736926423155,-15.042004311860182,15.042004311860182,0.09201808412039955
35.333333333333336,4986.155041304032,109,253.33333333333334,5006.006072265896,-19.851030961864126,19.851030961864126,109,253.33333333333334,5003.072556665421,-16.917515361388723,16.917515361388723,0.09197581511104654
35.666666666666664,5056.483987676132,110,255.66666666666666,5078.279265502145,-21.795277826013262,21.795277826013262,110,255.66666666666666,5075.332871514989,-18.848883838857546,18.848883838857546,0.09193414548591501
36.0,5127.131302143035,111,258.0,5150.912210507381,-23.780908364346033,23.780908364346033,111,258.0,5147.952996321364,-20.82169417832847,20.82169417832847,0.0918930613193398
36.333333333333336,5198.088672994109,112,260.3333333333333,5223.903289339932,-25.814616345822287,25.814616345822287,112,260.3333333333333,5220.931312361226,-22.842639367117044,22.842639367117044,0.09185254913250111
36.66666666666666,5269.35891046868,113,262.66666666666663,5297.250905693406,-27.891995224726088,27.891995224726088,113,262.66666666666663,5294.266222563876,-24.907312095196176,24.907312095196176,0.09181259587521187
37.0,5340.94060112771,114,265.0,5370.953484418758,-30.012883291048638,30.012883291048638,114,265.0,5367.956151032778,-27.015549905067928,27.015549905067928,0.09177318890859744
37.333333333333336,5412.832417793944,114,265.3333333333333,5381.511309863036,31.3211079309076,31.3211079309076,115,267.3333333333333,5441.999542581735,-29.16712478779118,29.16712478779118,0.09176760321834922
37.66666666666666,5485.027490334303,115,267.66666666666663,5455.617657642221,29.40983269208209,29.40983269208209,116,269.66666666666663,5516.394862285239,-31.367371950935194,31.367371950935194,0.09172880561353984
38.0,5557.532004837766,116,270.0,5530.075661582371,27.45634325539504,27.45634325539504,116,270.0,5527.051405340538,30.480599497228468,30.480599497228468,0.09169052852559696
38.333333333333336,5630.340185291609,117,272.3333333333333,5604.883810077646,25.45637521396293,25.45637521396293,117,272.3333333333333,5601.847074559999,28.493110731609704,28.493110731609704,0.09165276050475674
38.66666666666666,5703.45035340892,118,274.66666666666663,5680.040610849414,23.409742559505503,23.409742559505503,118,274.66666666666663,5676.991449021783,26.4589043871365,26.4589043871365,0.09161549044931029
39.0,5776.862769517185,119,277.0,5755.544590537866,21.318178979319782,21.318178979319782,119,277.0,5752.48305469736,24.379714819825494,24.379714819825494,0.09157870759215862
39.333333333333336,5850.576737152157,120,279.3333333333333,5831.394294305593,19.1824428465643,19.1824428465643,120,279.3333333333333,5828.320436094548,22.256301057608653,22.256301057608653,0.09154240148798977
39.66666666666666,5924.587588875987,121,281.66666666666663,5907.588285452752,16.999303423235688,16.999303423235688,121,281.66666666666663,5904.502155872275,20.08543300371275,20.08543300371275,0.091506562001052
40.0,5998.898965682838,122,284.0,5984.125145043257,14.773820639580663,14.773820639580663,122,284.0,5981.026794466399,17.8721712164388,17.8721712164388,0.09147117929349177
