q_power,y_min,y_max,y_peak,max_coefficient,total
0,0,0,0,1,1
1,1,1,1,2,2
2,0,2,2,31,53
3,0,3,2,246,482
4,0,4,3,1860,4231
5,0,5,3,13248,33274
6,0,6,4,87758,240716
7,0,7,4,558508,1617022
8,0,8,5,3192573,10192290
9,0,9,5,18853182,60740964
10,0,10,5,96321765,344411773
11,0,11,6,525594474,1867654020
12,0,12,6,2608294523,9727564048
13,0,13,7,12415220658,48840109080
14,0,14,7,60033794342,237114585284
15,0,15,7,267464818146,1116110499948
16,0,16,8,1198349072804,5105401525181
17,0,17,8,5268059867266,22740917350140
18,0,18,8,21760427793669,98814121791729
19,0,19,9,91477490662938,419520553991706
20,0,20,9,375142807058628,1742717062309801
21,0,21,9,1463515157038486,7092395731465066
22,0,22,10,5775876138451668,28310671025474287
23,0,23,10,22445314201694966,110955838999471794
24,0,24,10,83681352142651424,427369659825472358
25,0,25,11,310727044780854168,1619144605410669858
26,0,26,11,1156156110159539154,6038643369493042213
27,0,27,11,4152576443046703286,22186072117314794600
28,0,28,12,14549615917895134888,80352521051370026907
29,0,29,12,52212953343552167604,287055145544081690156
30,0,30,12,181714686359962434302,1012108000914842721469
31,0,31,12,614641836097224699336,3523832792443341809252
32,0,32,13,2096980414462919372662,12121207371559004810387
33,0,33,13,7102219320497040631196,41211594703750093699228
34,0,34,13,23453330313343823938901,138555448655321996153901
35,0,35,14,75763155579993225493750,460823098486719449640820
36,0,36,14,250548661981036879111894,1516757840033671002891342
37,0,37,14,809967602068353660065116,4942249316542011963287264
38,0,38,14,2562901565121297234328338,15947968542039918817611806
39,0,39,15,8048447852697582028901264,50979549139001297910719258
40,0,40,15,25527110602079768613597768,161482852443295341666689865
41,0,41,15,79400880741878897187735218,507013424919246702583238850
42,0,42,15,242438076646976152340795460,1578306747081922446998226941
43,0,43,16,739425919609295136390549556,4872507368108061480254768274
44,0,44,16,2264242530171599160450054364,14921323676260001776452179621
45,0,45,16,6816438012091474713745661714,45337269405394547732730299048
46,0,46,16,20189540515557645138233795020,136707105540079101996640677277
47,0,47,17,59786743648154204153084229264,409170748755665138592231884040
48,0,48,17,177643370969604568212376694433,1215854648709824781224879428926
49,0,49,17,519934094978772693022613587054,3587601701791838032999592617920
50,0,50,17,1499914493457031358970381412493,10513576306744871821806252320645
51,0,51,18,4313058745107326486606199646266,30605195986663492526316041416322
52,0,52,18,12483480562201617002320246951077,88513562704852838615917750917141
53,0,53,18,35647476995952193759173057495770,254368260347387734053920284642222
54,0,54,18,100480243505906830928634224129112,726474006306609844850327739812734
55,0,55,19,280683201338178729293530919944132,2062263856129912286869094924237034
56,0,56,19,793808519679340412342885478512189,5819635247259937680721105470896516
57,0,57,19,2217815293372379547981566977994680,16327988557499904312137982660872348
58,0,58,19,6123855641687358021369723667122891,45552344992600030056400875042255708
59,0,59,19,16717996021813043127875483241261516,126381506789737200398671627840987678
60,0,60,20,46064668219942576714881331321288495,348740709107859930803732979398725477
61,0,61,20,126208791279160113666519973983404824,957233231857410949856752132826659166
62,0,62,20,342096625745781542873602062485525059,2613826497299487392239647992117961522
63,0,63,20,917675627565866764069702472721346904,7101102104287735037776865213496696720
64,0,64,21,2456965393821243870377828832705262446,19195935527351205390888512840328411345
65,0,65,21,6613873401858626162755186204741059440,51638104672353283965521933619702151918
66,0,66,21,17629183017260654232118103818610391222,138245268542898311601863200185086361014
67,0,67,21,46542631379323250468572651580953685552,368374292360947544211647833135392417692
68,0,68,21,121738890907663948639251176976925708894,977071070406271772816184263891390481952
69,0,69,22,321035443800041308734456973966600161036,2579872659078796627698144257739625986602
70,0,70,22,842720754107773361319414854014367941504,6781752237582928221525814424297195508186
71,0,71,22,2192651582909253562076874107823471842924,17749748455083042888233556001711302065208
72,0,72,22,5656038576842697732929244490998481581577,46257601820346597934344478789283838645282
73,0,73,23,14507260593758362858744486239404354215066,120045970659305793427175217500257843783786
74,0,74,23,37550230127034155028592984329169428696289,310254114833088247999836566051532118186814
75,0,75,23,96398077964409041955779590708548848115104,798590168669702320655771755348376228020666
76,0,76,23,245494308478440437783768098774269122733172,2047372414697497167510822127787748839500476
77,0,77,23,620321561296859002829513545236195180906652,5228358520265735077852477416356882052974408
78,0,78,24,1566329989025934662158947750093707025590573,13300188448489510405234116489634655866939648
79,0,79,24,3971384858978178063914195866800430447953666,33705566522365712565754563557389681509693378
80,0,80,24,9994201215783573373181952815700115311563161,85098826395225066053870172014911132149948181
81,0,81,24,24967590375893970768200117694489916660765906,214066921460876010982459326608231892428994972
82,0,82,24,61929819240520514046032269539402816862240717,536543378021260735602173207002839041561792020
83,0,83,25,153884429730972694270830559366274633942185872,1340028194354568545051050605669068257535037056
84,0,84,25,382987634657319967434684267999850609382017775,3335037540773551516841002272512482272182916063
85,0,85,25,946658755529701742198580700126047601159323506,8271579438774425061871779128816105223040404138
86,0,86,25,2324261339607947382906659435358910914486797251,20445592856205771452535422121010490584766335853
87,0,87,25,5669192202903687669087300212278577643489929880,50368212912260466114706524462003429475102914666
88,0,88,26,13859637100111908100863751812516008093453575389,123674568006586835833235525314274953639576864603
89,0,89,26,33917861766280702987326237854383699706428445506,302685902052001409852311736886597048616977778704
90,0,90,26,82481587500110198661855112486390924455542474537,738435034328075306122189911945747996389977142596
91,0,91,26,199339288942676983204873332653893569793186857022,1795810747148972254075435025469991754443219157548
92,0,92,26,478839247651160837765320848828068264591570545863,4353678811328853674311960083899607178982012296161
93,0,93,27,1151645914503606899291157865939998210501519031858,10522493132439089636105936738503601118799344459102
94,0,94,27,2775383474795798263141712151124733406609043633713,25355127571246299355997369147692946755221806531198
95,0,95,27,6649386811483063140360079908926337735410847147184,60913819174249367682971815942648439077351256132874
96,0,96,27,15839556706336999907318480198270969006345480642470,145910420453904158098283828826774974704777812806745
97,0,97,27,37519240584897857755096868221286438482633498808090,348493267753931997673063498615893172108867025378154
98,0,98,28,88774295914984271228599719493092700098702572591862,829959378565250783473836652648700187098123686423573
99,0,99,28,210944377306728922299756198995649261972114165491536,1971015367334894478309668908980467853986788081042938
100,0,100,28,498517883639602510421134799165663534780829757383208,4667774945449671734171198835206664350992450807651653
