q_power,y_power,twoJ,coef,logd,logdsp,difference
1,1,0,2,0.6931471805599453,1.0193095693085377,0.3261623887485924
2,1,1,21,3.044522437723423,2.2510099464343103,-0.7935124912891127
3,1,2,80,4.382026634673881,3.4627468708415576,-0.9192797638323236
4,1,3,264,5.575949103146316,4.636857647189146,-0.9390914559571701
5,1,4,800,6.684611727667927,5.773673974656839,-0.9109377530110878
6,1,5,2249,7.718240951959316,6.8764685328239885,-0.8417724191353271
7,1,6,5978,8.695841342843883,7.948740203517105,-0.7471011393267775
8,1,7,15128,9.624302610338294,8.993638310972571,-0.6306642993657228
9,1,8,36898,10.51591262801771,10.013877734513082,-0.5020348935046286
10,1,9,87106,11.374881046805582,11.011775232047226,-0.3631058147583559
11,1,10,200042,12.20628262348326,11.989309894044558,-0.2169727294387016
12,1,11,448392,13.013423128807784,12.948181155322663,-0.0652419734851204
13,1,12,983962,13.799342557402522,13.889858040505677,0.0905154831031556
14,1,13,2118273,14.566111692021355,14.815619295265472,0.24950760324411725
15,1,14,4482882,15.315776701131552,15.726585658306583,0.4108089571750302
16,1,15,9340080,16.049825375478836,16.623745764132163,0.5739203886533275
17,1,16,19185162,16.76964772572449,17.50797700194758,0.7383292762230909
18,1,17,38894555,17.4763648244983,18.38006240864737,0.903697584149068
19,1,18,77904338,18.170992196068447,19.240704442558695,1.0697122464902478
20,1,19,154295343,18.85437913541324,20.090536294161833,1.2361571587485933
21,1,20,302412170,19.52730144616885,20.930131240714747,1.402829794545898
22,1,21,586935421,20.190425356408042,21.760010437063737,1.5695850806556955
23,1,22,1128727128,20.844356399367246,22.58064944754106,1.7362930481738132
24,1,23,2151926184,21.48962917754241,23.39248375730572,1.9028545797633072
25,1,24,4069272450,22.126730061207823,24.195913450669565,2.0691833894617417
26,1,25,7635655210,22.756094588568892,24.991307204965636,2.235212616396744
27,1,26,14222931190,23.37812137158425,25.779005718434735,2.4008843468504857
28,1,27,26308856307,23.993171461156393,26.559324667248287,2.5661532060918937
29,1,28,48342485956,24.601576637378557,27.33255726853031,2.730980631151752
30,1,29,88267730562,25.20364042546338,28.098976511880316,2.895336086416936
31,1,30,160192650898,25.79964299598408,28.858837110527418,3.059194114543338
32,1,31,289043349078,26.389842510620134,29.612377214185564,3.2225347035654295
33,1,32,518641338620,26.97447841882941,30.359819918415674,3.3853414995862643
34,1,33,925659865031,27.553772687734195,31.10137459944219,3.5476019117079964
35,1,34,1643636136310,28.12793205978723,31.837238098620485,3.7093060388332546
36,1,35,2904113178174,28.697149185332076,32.56759577687656,3.870446591544482
37,1,36,5106851599754,29.261604204968215,33.29262245626451,4.031018251296295
38,1,37,8939186568896,29.82146571315509,34.01248326316994,4.191017550014852
39,1,38,15578173765288,30.376891932895354,34.7273343855212,4.350442452625849
40,1,39,27031703898967,30.92803151155781,35.43732375456889,4.509292243011078
41,1,40,46712102942570,31.475024410678763,36.14259166028833,4.667567249609569
42,1,41,80397368985812,32.01800256752096,36.843271308198304,4.825268740677345
43,1,42,137836674605646,32.55709058282562,37.53948932432503,4.982398741499409
44,1,43,235423295411033,33.09240626682287,38.231366214142255,5.138959947319385
45,1,44,400630705227094,33.62406118431854,38.919016780554834,5.294955596236292
46,1,45,679352398556828,34.152161105257,39.60255050534392,5.4503894000869195
47,1,46,1148010045200774,34.67680644294467,40.28207189793643,5.605265454991766
48,1,47,1933469840183297,35.19809262829375,40.957680814885634,5.759588186591884
49,1,48,3245709829289524,35.71611046668919,41.629472753040254,5.913362286351067
50,1,49,5431254046729040,36.23094645002442,42.29753911902632,6.066592669001899
51,1,50,9060340083199066,36.74268305103802,42.96196747736068,6.219284426322659
52,1,51,15068742871662215,37.251398984803565,43.622841779249775,6.37144279444621
53,1,52,24987933763444252,37.75716945380391,44.280242573896814,6.523073120092903
54,1,53,41317658431361944,38.26006636842185,44.93424720393939,6.674180835517539
55,1,54,68127582316586470,38.760158552740265,45.58492998646382,6.824771433723555
56,1,55,112026509646752117,39.25751193147292,46.23236238088799,6.974850449415072
57,1,56,183720082634973816,39.752189704155754,46.87661314486972,7.124423440713969
58,1,57,300508520980432569,40.24425250449202,47.51774847927768,7.273495974785661
59,1,58,490282695274926980,40.73375854878823,48.155832163157314,7.422073614369083
60,1,59,797903272435268198,41.22076377252653,48.790925679530936,7.570161907004405
61,1,60,1295362117844657674,41.705321957635064,49.42308833278849,7.717766375153424
62,1,61,2097934262861450781,42.18748485013554,50.05237735835273,7.8648925082171885
63,1,62,3389798892875319394,42.667302269889866,50.67884802523714,8.01154575534727
64,1,63,5464597883240636163,43.144822212437326,51.30255373205689,8.157731519619567
65,1,64,8789512682993098984,43.620090944120534,51.923546097001626,8.303455152881092
66,1,65,14106298739570724957,44.093153090646155,52.541875042232014,8.44872195158586
67,1,66,22590287246352500072,44.56405171993388,53.157588873120936,8.593537153187057
68,1,67,36100140076779852552,45.032828419467336,53.77073435272295,8.737905933255611
69,1,68,57569429840659609260,45.49952336877363,54.381356771821636,8.881833403048006
70,1,69,91619463558311117451,45.96417540726236,54.98950001487504,9.025324607612681
71,1,70,145516637041792340602,46.42682209789744,55.595206622151764,9.168384524254321
72,1,71,230665385567004829838,46.88749978692669,56.198517848325814,9.311018061399125
73,1,72,364932347154549154732,47.346243660034325,56.79947371777628,9.453230057741955
74,1,73,576258371199012962136,47.803087795124654,57.39811307681784,9.59502528169319
75,1,74,908262594817940752892,48.25806521202481,57.99447364306951,9.736408431044701
76,1,75,1428922932493697632933,48.711207919293265,58.58859205215324,9.877384132859973
77,1,76,2244000040010179133798,49.162546958365255,59.180503901898184,10.01795694353293
78,1,77,3517763760194127331417,49.61211244519994,59.77024379421338,10.158131349013438
79,1,78,5504944325837902297112,50.05993360961752,60.357845374778755,10.297911765161238
80,1,79,8599911216947119887525,50.50603883247033,60.943341370693325,10.437302538222994
81,1,80,13412253480133101733582,50.950455680803266,61.5267636262087,10.576307945405432
82,1,81,20882761045528986515654,51.39321094112853,62.10814313666694,10.71493219553841
83,1,82,32461140534046504543988,51.83433065094445,62.687510080752894,10.853179429808442
84,1,83,50377929666723811791102,52.27384012860655,63.26489385116308,10.99105372255653
85,1,84,78059944345780388073702,52.71176400165997,63.84032308378625,11.12855908212628
86,1,85,120764127165911608720530,53.14812623372707,64.4138256854837,11.265699451756632
87,1,86,186543265200275597969438,53.58295015004255,64.98542886055152,11.402478710508973
88,1,87,287715317062299756957739,54.0162584617174,65.55515913594095,11.538900674223555
89,1,88,443095949078722200358820,54.4480732888105,66.12304238530847,11.674969096497968
90,1,89,681386184193866108089940,54.87841618227823,66.68910385196135,11.81068766968312
91,1,90,1046306049313826456620930,55.30730814486986,67.25336817076143,11.946060025891576
92,1,91,1604364004500708387991608,55.734769651029715,67.81585938904419,12.081089738014477
93,1,92,2456600378033183383691130,56.160820665864655,68.37660098660774,12.215780320743086
94,1,93,3756315029030768009067407,56.585480663229795,68.93561589482196,12.35013523159217
95,1,94,5735795273359754549611604,57.00876864298324,69.4929265149054,12.484157871922164
96,1,95,8746563808144149791077909,57.430703147456114,70.04855473541403,12.617851587957915
97,1,96,13319911824720265184294628,57.85130227718168,70.6025219489835,12.751219671801813
98,1,97,20257831794527636162437587,58.27058370592441,71.15484906836393,12.884265362439521
99,1,98,30769454571380681656081544,58.68856469504696,71.70555654178371,13.016991846736744
100,1,99,46675522107881875421340302,59.10526210725085,72.25466436767663,13.149402260425774
